slug,品名,カテゴリ,静物URL,場,見た目,サイズ,味,公式URL,AmazonURL,楽天URL,直販URL,その他URL,公開
kimino-yuzu,KIMINO YUZUスパークリングジュース,柑橘・炭酸,/drinks/kimino-yuzu.webp,ひとりにひと瓶ずつ配れば、それがその人の席の目印になります。開けるのは乾杯の前でも、持ち帰ってからでも。,透明なガラス瓶に、淡い黄色のにごり。白いラベルにYUZUの文字とゆずの絵、キャップは金色です。,250ml。注がなくていい。人数のぶんだけ置けば、卓が終わる。,国産のゆず果汁にオーガニックのきび砂糖、炭酸。果汁は7%です。まずゆずがふわっと香って、酸味のあとにやさしい甘さが残ります。,https://jp.kimino.com/products/yuzu-drink-product-title,https://www.amazon.co.jp/dp/B079QW8R2R,,https://jp.kimino.com/products/yuzu-drink-product-title,,1
kuranooto-koshu,クラノオト 山梨甲州葡萄100％ジュース,ぶどう・ベリー,/drinks/kuranooto-koshu.webp,テーブルの真ん中に置いて、みんなのグラスに注ぎ分けたい一本。届いたら一度開けて味見して、次の集まりに持っていくのもいいですね。,720mlのガラス瓶に紺のラベル、KOSHUの文字とフジクレールの名前。果実のにごりが残る、少し茶色がかった淡い色です。,720ml。グラスが要る。人数が少なければ余る。注ぐ量で合わせればいい。,山梨県産の甲州ぶどうを100%使ったストレート果汁。砂糖も添加物も加えていません。とろりとした口当たりに甲州らしい酸、梅のような香り。しっかり甘いのに、後味はすっきりです。,https://kurashiwine.com/product/koshu_juice/,,,https://kurashiwine.com/product/koshu_juice/,,1
fujiya-nectar-peach,不二家ネクターピーチ,果汁・ネクター,/drinks/fujiya-nectar-peach.webp,甘いものが欲しい人の前に、缶をひとつ。プシュッと開ける音が楽しい一本です。,350gの缶で、桃色の面にネクターピーチの文字。テーブルの端にも置きやすいサイズです。,350g。一人一本。注がなくていい。,白桃を裏ごしした、ピューレたっぷりの果汁飲料。とろっとした口当たりで、桃をそのまま食べているような味わい。原材料はもも、糖類、香料、酸味料、ビタミンCです。,https://www.fujiya-peko.co.jp/sweets/item/22015.html,https://www.amazon.co.jp/dp/B001144K32,,,,1
suntory-oolong-340,サントリー烏龍茶,茶・ハーブ,/drinks/suntory-oolong-340.webp,甘いお菓子の横に、甘くない飲みものも一本あると助かります。,340gの缶に、緑と白で烏龍茶の文字。甘い色の缶が並ぶなかで、ほどよく目を引きます。,340g。一人一本。,中国福建省の烏龍茶にビタミンC。コクと香りがありつつ、後味は軽めです。,https://products.suntory.co.jp/d/4901777004825/,https://www.amazon.co.jp/dp/B000N82NSQ,,,,1
kitayama-jabarush,北山サイダーじゃばらッシュ,クラフト・瓶もの,/drinks/kitayama-jabarush.webp,小さな瓶を、席の目印に。,250mlのガラス瓶。キャップを開けると、じゃばらの香りが立ちます。,250ml。注がなくていい。人数のぶんだけ置けば足りる。,じゃばら果汁とじゃばらエキスに果糖ぶどう糖液糖、炭酸。甘さは控えめで、後味すっきりです。,https://kitayama-jabara.jp/c/products/p-beverage/3354,https://www.amazon.co.jp/dp/B0GX924D44,,https://kitayama-jabara.jp/c/products/p-beverage/3354,,1
sanpellegrino-aranciata,サンペレグリノ アランチャータ,缶・パーティー向き,/drinks/sanpellegrino-aranciata.webp,人数ぶんのオレンジ色の缶を並べるだけで、テーブルがぱっと明るくなります。,330mlの缶に、オレンジ色の面とSanpellegrinoのロゴ。,330ml。一人一本。,オレンジとレモンの果汁に、砂糖、オレンジエキス、炭酸、香料。まず香りが来て、甘さと柑橘の味が続きます。泡はきめ細かめ。,https://www.sanpellegrino.com/jp/beverages/aranciata,https://www.amazon.co.jp/dp/B08D3VXGG2,,,,1
pokka-kireto-lemon,キレートレモン,柑橘・炭酸,/drinks/pokka-kireto-lemon.webp,黄色い小瓶を、飲む人の目の前に。155mlなので、ひとりでちょうど飲みきれます。,緑がかったガラス瓶に黄色いキャップ。白いラベルにレモンと緑の十字。,155ml瓶,レモン果汁に砂糖と炭酸。最初にきゅっと酸っぱさが来て、あとからほんのり甘さ。最後のひと口まで、レモンの酸がしっかり残ります。,https://www.pokkasapporo-fb.jp/products/lemon/kire-to/WX64.html,https://www.amazon.co.jp/dp/B0F9WZ5FJS,,,,1
wilkinson-tansan-lemon,ウィルキンソン タンサン レモン,柑橘・炭酸,/drinks/wilkinson-tansan-lemon.webp,甘くない炭酸なので、甘い缶とは少し離して置いておきます。グラスに注がず、そのまま手渡しで。,透明なペットボトルに、赤いWとレモン色の帯。中身は澄んだ透明です。,500ml PET,水と炭酸と香料だけで、糖類はゼロ。レモンの香りと強めの炭酸で、後味は軽やか。甘さなしでさっぱり飲めます。,https://www.asahiinryo.co.jp/products/carbonated/wilkinson_tansan_lemon/2T571.html,https://www.amazon.co.jp/dp/B06XP76QNJ,,,,1
mitsuyacider-lemon,三ツ矢サイダー レモン,柑橘・炭酸,/drinks/mitsuyacider-lemon.webp,レモンのサイダーは、テーブルの内側、飲む人の右手のそばに。,白地のラベルに緑と黄色。500mlのペットボトルで、缶より背が高めです。,500ml PET,レモンの香りとサイダーらしい甘さ。泡は細かく、甘さがあとに残ります。甘いのが好きな人に。,https://www.asahiinryo.co.jp/products/,,,,,0
suntory-the-strong,サントリー THE STRONG 天然水スパークリング,柑橘・炭酸,,無糖の炭酸は、甘いボトルの列からひとつ空けて置きます。,白いラベルに、泡を表す大きな文字。透明のペットボトルです。,500ml PET,甘さはゼロ。強めの炭酸で、後味は軽い。香りより先に、泡の強さが来る炭酸水です。,https://products.suntory.co.jp/,,,,https://ksfoodmax.supersale.jp/items/62079612,1
canada-dry-lemon,カナダドライ レモン,柑橘・炭酸,,グラスを使わない席の、手前の角に。,黄色いラベルに細いレモンの絵。500mlの透明ペットボトルです。,500ml PET,レモン風味の炭酸で、甘さは控えめ。香りはラベルのとおりのレモン。後味は短く、甘さが残りません。,https://www.coca-cola.com/jp/ja/brands,https://www.amazon.co.jp/dp/B0G5GY18PS,,,,1
cc-lemon-pet,C.C.レモン,柑橘・炭酸,/drinks/cc-lemon-pet.webp,黄色いボトルは、缶のC.C.レモンとは分けて、ボトルの列にまとめて。,黄色いペットボトルに、正面の丸いロゴ。中身もレモンに近い色です。,500ml PET,レモンの香りから、甘さと酸味へ。炭酸は軽めで、ボトルのままごくごく飲める甘いレモンです。,https://products.suntory.co.jp/,https://www.amazon.co.jp/dp/B00B2HBCIE,,,,1
sanpellegrino-limonata-pet,サンペレグリノ リモナータ,柑橘・炭酸,,淡い黄色の缶は、オレンジのアランチャータとは列を分けて。,淡い黄色の缶に青いロゴ。330mlで、手にすっぽり収まります。,330ml缶,甘酸っぱい柑橘の炭酸で、泡は細かめ。缶を開けた瞬間にレモンが香ります。,https://www.sanpellegrino.com/jp/beverages/limonata?_wrapper_format=html,,,,https://www.yodobashi.com/product/100000001007579063/,1
kagome-lemon-sparkling,カゴメ 野菜生活100 レモンサラダ,柑橘・炭酸,/drinks/kagome-lemon-sparkling.webp,紙パックは缶とは混ぜずに、ストローで飲む人の左端に。,白と黄色の紙パックに、レモンの輪切り。200mlです。,200ml紙パック,レモンの酸味のあとに、野菜と果物の軽い甘さが来ます。,https://www.kagome.co.jp/products/,https://www.amazon.co.jp/dp/B0HJYB6GCV,,,,1
fever-tree-tonic,フィーバーツリー プレミアムトニックウォーター,柑橘・炭酸,/drinks/fever-tree-tonic.webp,細身の瓶を、ひとりの前に。200mlなので、その人のぶんとして開けます。,白い細身のガラス瓶に緑のラベル。200mlです。,200ml瓶,最初にほろ苦さ、それから柑橘の香り。甘さは控えめで、苦みのある大人の炭酸です。,https://products.suntory.co.jp/,https://www.amazon.co.jp/dp/B00FKP1VZS,,,,1
kagome-tomato-190,カゴメ トマトジュース,果汁・ネクター,/drinks/kagome-tomato-190.webp,赤い缶は甘いジュースの近くではなく、しょっぱいおつまみの前に。,赤い缶にトマトの絵。190gの小さな缶です。,190g缶,トマトのうまみが先に来て、塩けはあっさり。甘さは強くありません。,https://www.kagome.co.jp/products/,https://www.amazon.co.jp/dp/B0F2H56Z1P,,,,1
kagome-yasai-seikatsu,野菜生活100 オリジナル,果汁・ネクター,/drinks/kagome-yasai-seikatsu.webp,オレンジ色の紙パックを、お昼ごはんのお皿の横に。,オレンジ色の紙パック、200ml。,200ml紙パック,にんじんと果物のやさしい甘さ。酸味は強くなく、やわらかい飲み口です。,https://www.kagome.co.jp/products/,https://www.amazon.co.jp/dp/B000SLNNXW,,,,1
kagome-yasai-berry,野菜生活100 ベリーサラダ,果汁・ネクター,/drinks/kagome-yasai-berry.webp,紫の紙パックは、ぶどうの缶とは席を分けて、ひとりの左に。,紫と赤の紙パックで、ベリーの色が面の大半を占めています。,200ml紙パック,ベリーの酸味が先に来て、果物の甘さがあとに残ります。,https://www.kagome.co.jp/products/,https://www.amazon.co.jp/dp/B0HJYB6GCV,,,,1
tropicana-orange-250,トロピカーナ 100％ まるごと果実感 オレンジ,果汁・ネクター,,250mlの紙パックを、オレンジの缶とは離して、ひとりの前に。,オレンジ色の紙パック、250ml。面いっぱいに果汁の色です。,250ml紙パック,オレンジの香りが濃く、酸味も甘さもしっかり。薄めずにそのまま飲みきりたい一本です。,https://www.kirin.co.jp/products/softdrink/,,,,https://anamall.ana.co.jp/shop/g/g0082-b72-1/,1
dole-pineapple-200,Dole パイナップル100％,果汁・ネクター,/drinks/dole-pineapple-200.webp,パインの紙パックは、オレンジの隣を避けてひと席空けて。,黄色い紙パックに果物の写真。200mlで、パインらしい黄色です。,200ml紙パック,甘酸っぱくて後味は軽め。開けたとたん、パインがふわっと香ります。,https://www.meg-snow.com/products/detail.php?p=dole_pa200,,,,https://anshin-shop.saibouken.or.jp/products/dole-%E3%83%91%E3%82%A4%E3%83%8A%E3%83%83%E3%83%97%E3%83%AB100-ll-200ml-18%E5%80%8B-%E5%B8%B8%E6%B8%A9%E4%BF%9D%E5%AD%98-%E3%83%91%E3%82%A4%E3%83%B3%E3%82%A2%E3%83%83%E3%83%97%E3%83%AB-%E9%80%81%E6%96%99%E7%84%A1%E6%96%99-%E7%B4%99%E3%83%91%E3%83%83%E3%82%AF-%E3%83%89%E3%83%BC%E3%83%AB-%E6%9E%9C%E6%B1%81100-%E3%82%B8%E3%83%A5%E3%83%BC%E3%82%B9,1
pom-juice-280,ポンジュース,果汁・ネクター,/drinks/pom-juice-280.webp,香りが強いので回し飲みはせず、飲む人の前に280mlをそのまま。,橙色のラベルの280mlペットボトル。柑橘の色がラベルいっぱいです。,280ml PET,愛媛の柑橘の果汁で、香りが濃く、ほどよい酸味。甘さは果汁そのものの甘さです。,https://www.ehime-inryo.co.jp/products/pom-juice/136910.html,https://www.amazon.co.jp/dp/B0DSCT7MF2,,,,1
bayarys-orange-245,バヤリース オレンジ,果汁・ネクター,/drinks/bayarys-orange-245.webp,245gのオレンジ缶は、280mlの缶とは別の辺に人数ぶん並べて。,オレンジ色のラベル、245gの缶。背は低めです。,245g缶,オレンジの香りが先に来て、甘さはやわらか。酸味は強くありません。,https://www.asahiinryo.co.jp/products/fruit/bireleys_orange/2B0L2.html,https://www.amazon.co.jp/dp/B0073ZAHM6,,,,1
meiji-banana,明治 バナナオ・レ,果汁・ネクター,/drinks/meiji-banana.webp,バナナの紙パックは、ジュースの缶とは離して、甘いもの好きのお皿の横に。,淡い黄色の紙パックに、バナナの絵と明治の文字。200mlです。,200ml紙パック,濃縮バナナ果汁と乳製品。バナナの香りがして、口当たりはまろやか。果汁は1%で、甘さとミルクが主役です。,https://www.meiji.co.jp/products/drink/4902705027435.html,,,,https://www.askul.co.jp/p/P699642/,1
suntory-nashi,サントリー 和梨,果汁・ネクター,,410mlはひとりでは多いので、ふたりのあいだに置いてグラスに注ぎます。,淡い緑のラベルのペットボトル。梨の皮のような、薄い緑色です。,410ml PET,和梨の香りとみずみずしい甘さ。後味は重くありません。注ぐとグラスに梨の香りが広がります。,https://products.suntory.co.jp/,,,,,0
itoen-oi-ocha-350,伊藤園 お〜いお茶 緑茶,茶・ハーブ,/drinks/itoen-oi-ocha-350.webp,緑茶の缶を、甘い缶のあいだに一本ずつ。甘くないのが欲しい人の目印になります。,緑の缶に茶葉の絵。350mlです。,350ml PET,国産茶葉の香りがしっかり。渋みは軽く、甘さはありません。,https://www.itoen.jp/products/,https://www.amazon.co.jp/dp/B00AADNPFE,https://item.rakuten.co.jp/ccsz/038-0821-350pet-1/,,https://www.askul.co.jp/p/621433/,1
suntory-iyemon-350,サントリー 伊右衛門,茶・ハーブ,/drinks/suntory-iyemon-350.webp,金色の缶は奥にしまわず、手の届く手前に。,深緑と金のラベルの350ml缶。金のラインがきらっと光ります。,280ml PET,お茶の香りとコクがあって、無糖。後味はすっきり切れます。,https://products.suntory.co.jp/,,https://item.rakuten.co.jp/drinkzanmai/sie28pt/,,https://www.askul.co.jp/p/275011/,1
kirin-namacha-400,キリン 生茶,茶・ハーブ,/drinks/kirin-namacha-400.webp,400mlの緑茶は缶の列のうしろに。注がずにそのまま手渡しで。,淡い緑のラベルのペットボトル。お茶も薄い緑色です。,525ml PET,茶葉のうまみが先に来て、渋みは軽め。甘さはありません。,https://www.kirin.co.jp/products/softdrink/,,https://item.rakuten.co.jp/soukaidrink/4909411091910/,,https://www.yodobashi.com/product/100000001008383082/,1
itoen-jasmine-500,伊藤園 Relax ジャスミンティー,茶・ハーブ,/drinks/itoen-jasmine-500.webp,花の香りのお茶は、甘い紅茶とは反対側に。香りが混ざらないように。,白と水色のラベルの500mlペットボトル。,500ml PET,ジャスミンの花がふわっと香ります。甘さはなく、後味は軽め。,https://www.itoen.jp/jasmine_tea/,https://www.amazon.co.jp/dp/B0BXBYM2DP,,,,1
lipton-lemon-470,リプトン レモンティー,茶・ハーブ,,レモンティーは無糖のお茶とは分けて、甘いのが好きな人の前に一本。,黄色いラベルのペットボトル、500ml。レモンの黄色が印象的です。,200ml紙パック。一人一本。注がなくていい。,紅茶の香りが先に来て、レモンの酸味と甘さが続きます。,https://www.kirin.co.jp/products/softdrink/,,https://item.rakuten.co.jp/morinagamilk/liptonlemontea_1set/,,https://store.shopping.yahoo.co.jp/morinaga-milk/ppliptlemono01.html,1
afternoon-milk-tea,午後の紅茶 ミルクティー,茶・ハーブ,/drinks/afternoon-milk-tea.webp,赤いボトルを、午後のお茶の時間の手前に。,赤いラベルの500mlペットボトル。,500ml PET,紅茶の香りのあとに、ミルクのコク。甘さがしっかり残ります。,https://www.kirin.co.jp/products/softdrink/,https://www.amazon.co.jp/dp/B0H37ZGPKD,,,,1
itoen-koicha,お〜いお茶 濃い茶,茶・ハーブ,/drinks/itoen-koicha.webp,600mlはひとりの前に置かず、真ん中からグラスに注ぎ分けて。,濃い緑のラベルの600mlペットボトル。見た目から濃さが伝わります。,600ml PET,渋みとうまみがしっかり。甘さはなく、お茶の味があとまで残ります。,https://www.itoen.jp/products/,,,,https://shop.sunday.co.jp/item/detail/?id=565941,1
suntory-oolong-rich,サントリー 烏龍茶 濃いめ,茶・ハーブ,,濃いめの烏龍茶は、340gの缶とは別に、注ぐ係の近くの真ん中に。,茶色と金のラベルの600mlペットボトル。,600ml PET,香ばしい香りで、甘さはなし。後味はすっきり。注ぎ分けても香りが薄まりません。,https://products.suntory.co.jp/,,,,,0
twining-earl-grey,トワイニング アールグレイ 無糖 1L紙パック,茶・ハーブ,/drinks/twining-earl-grey.webp,紅茶はコーヒーの黒い缶から離して、香りを楽しむ席の右端に。,青いラベルの1L紙パック。青い色が目に入ります。,1L紙パック。グラスが要る。人数が少なければ余る。,ベルガモットの香りで、渋みは軽め。甘さはありません。開けると柑橘の香りがふわり。,https://www.asahiinryo.co.jp/products/,https://www.amazon.co.jp/dp/B00GD2ML92,,,,1
welchs-grape-280,Welch’s グレープ100,ぶどう・ベリー,,紫の缶は白ぶどうのボトルと分けて、甘いのが好きな人に人数ぶん。,紫の缶にぶどうの絵。280gです。,800g PET,ぶどうの香りが濃く、甘さも酸味もしっかり。,https://www.asahiinryo.co.jp/products/welchs/,,https://item.rakuten.co.jp/aburajinbeverage/welch-grape800sss/,,https://store.shopping.yahoo.co.jp/aburajinshop/welch-grape800sss.html,1
welchs-white-grape,Welch’s ホワイトグレープ＆レモン,ぶどう・ベリー,,白ぶどうは紫の缶の列の端に一本。軽めが好きな人に。,白と紫のラベルの450mlペットボトル。明るい印象で、紫は細い帯だけです。,450ml PET,白ぶどうの甘さにレモンが入って、後味は軽め。レモンの酸味で甘さがすっと引きます。,https://www.asahiinryo.co.jp/products/welchs/,,,,,0
kagome-grape-100,カゴメ ぶどうジュース100％,ぶどう・ベリー,/drinks/kagome-grape-100.webp,190gの紫の缶は、大きなボトルの陰に隠さず、ひとりの前に。,紫色のラベルの小さな缶。面いっぱいにぶどうの色です。,160g缶,ぶどうの香りに酸味のある濃い味。甘さは果汁そのもの。小さい缶でも果汁の味はしっかりしています。,https://www.kagome.co.jp/products/,https://www.amazon.co.jp/dp/B01MT5II2P,https://item.rakuten.co.jp/cancan/4901306092897/,,https://www.misono-s.jp/SHOP/b13-5.html,1
qoo-grape,Qoo ぶどう,ぶどう・ベリー,/drinks/qoo-grape.webp,紫のボトルは紙パックの列とは分けて、手前のボトルの列に。,紫のラベルにキャラクター。280mlのペットボトルです。,280ml PET,ぶどうの香りが先に来て、甘さはやさしく、酸味は控えめ。ひとりでちょうど飲みきれる量です。,https://www.coca-cola.com/jp/ja/brands,,,,,0
pokka-grape-fruit,ポッカサッポロ つぶたっぷり贅沢ぶどう,ぶどう・ベリー,,つぶ入りのぶどうは、ボトルを回さず、真ん中でグラスに注ぎます。,紫の果物の写真に、つぶの絵。400gのペットボトルです。,400g PET,ぶどうの甘さに、果肉のつぶつぶ。つぶごと楽しめます。,https://www.pokkasapporo-fb.jp/products/,,,,,0
suntory-gokuri-grape,サントリー Gokuri グレープ,ぶどう・ベリー,,ボトルの列の真ん中に。紙パックの隣は避けて。,紫のラベルの400gペットボトル。ぶどうの色が面の大半を占めます。,400g PET,ぶどうの香りに、果肉感のある甘さ。注ぐと果肉の甘さが残ります。,https://products.suntory.co.jp/,,,,,0
kagome-berry-mix,カゴメ ベリーサラダ,ぶどう・ベリー,/drinks/kagome-berry-mix.webp,720mlはテーブルの真ん中に一本。グラスを並べて人数ぶん注ぎます。,赤紫のラベルの、720mlの大きなペットボトル。,720ml PET,ベリーの酸味に、果物と野菜の甘さ。真ん中から注いだぶんが、その人の一杯です。,https://www.kagome.co.jp/products/,,,,https://www.tanomail.com/product/7636394/,1
morinaga-blueberry,森永乳業 贅沢果汁 ブルーベリー,ぶどう・ベリー,,紫の紙パックは、ぶどうの缶の列とは別に、ひとりぶんのお皿の横へ。,紫の紙パック、200ml。ブルーベリーの紫です。,200ml紙パック,ブルーベリーの香りが先に来て、甘酸っぱく、後味は短め。,,,,,,0
yamabudo-juice,山ぶどうジュース,ぶどう・ベリー,,720mlの瓶は真ん中に置いて、グラスに注ぎ分けます。,茶色いガラス瓶に深い紫のラベル。720mlです。,720ml瓶,山ぶどうの酸味が先に立ち、野性味のある香り。甘さは強くありません。,https://www.ehime-inryo.co.jp/,,,,,0
hata-ramune,ハタラムネ ビー玉ラムネ,クラフト・瓶もの,/drinks/hata-ramune.webp,ビー玉の瓶は、開ける人の目の前に。ポンッと音がするので、奥にしまわないで。,瓶の口にビー玉。水色のラベルに赤いラムネの文字。200mlです。,200ml瓶,ラムネの香りに軽い甘さ。泡は細かめです。,https://www.hata-kosen.co.jp/pages/9/detail=1/b_id=150/r_id=1/,,,,https://www.likaman-online.com/c/soft-drink/912191-30,1
kimura-shizuoka-cola,静岡コーラ,クラフト・瓶もの,/drinks/kimura-shizuoka-cola.webp,緑の瓶のコーラは、赤い缶の列から離して、ひとりの前に。,緑のガラス瓶に、お茶を思わせる褐色の中身。240mlです。,240ml瓶,お茶の香りがするコーラ。甘さは穏やかで、炭酸入り。開けるとまずお茶が香ります。,https://www.kimura-drink.net/,,,https://www.kimura-drink.co.jp/cgi-bin/personal/shop/shohin_detail.cgi?shohin_cd=SKA473N,,1
kimura-fujisan-cider,富士山サイダー,クラフト・瓶もの,/drinks/kimura-fujisan-cider.webp,青い瓶はサイダーの缶とは分けて、ひとりの前に。,青いガラス瓶に富士山のラベル。240mlです。,240ml瓶,すっきりした甘さのサイダーで、炭酸は細かめ。,https://www.kimura-drink.net/,,,https://www.kimura-drink.co.jp/cgi-bin/personal/shop/shohin_detail.cgi?shohin_cd=SKA476,,1
kimino-ringo,KIMINO RINGOスパークリングジュース,クラフト・瓶もの,/drinks/kimino-ringo.webp,りんごの小瓶はゆずの瓶とは並べず、隣の人の前に一本。,透明なガラス瓶に赤いりんごの絵。250mlです。,250ml瓶,りんごの香りに、果汁の甘さと酸味。炭酸入りです。250mlをひとりで飲みきるのにちょうどいいサイズ。,https://jp.kimino.com/,,,https://jp.kimino.com/,,1
kimino-ume,KIMINO UMEスパークリングジュース,クラフト・瓶もの,/drinks/kimino-ume.webp,梅の小瓶を甘い缶の手前に。ひとりに250ml一本ずつ。,透明なガラス瓶に梅色のラベル。250mlです。,250ml瓶,梅の香りが先に立ち、甘酸っぱく、泡は軽め。,https://jp.kimino.com/,,,https://jp.kimino.com/,,1
kitayama-ume-soda,北山サイダー うめ,クラフト・瓶もの,,梅の瓶はじゃばらの瓶と交互にせず、梅だけで並べて。,ガラス瓶に赤い梅のラベル。250mlです。,250ml瓶,梅の香りで甘酸っぱく、後味は軽め。炭酸入りです。,,,,,,0
swan-cider,スワンサイダー,クラフト・瓶もの,/drinks/swan-cider.webp,白いラベルの瓶を、テーブルの真ん中寄りに一本ずつ。缶の列には入れずに。,透明な瓶に白いラベル。330mlです。,330ml瓶,すっきりした甘さで、炭酸は穏やか。昔ながらのサイダーの味です。,https://store.tomomasu.co.jp/products/swan-330-24,,,https://store.tomomasu.co.jp/products/swan-330-24,,1
yamagata-apple-soda,山形りんごサイダー,クラフト・瓶もの,,りんご色の小瓶を人数ぶん、同じ向きに揃えて置きます。,りんご色のラベルの小さな瓶。250mlです。,250ml瓶,りんごの香りの甘酸っぱい炭酸で、後味は軽め。,https://www.hata-kosen.co.jp/,,,,,0
tomomasu-mango,ともます飲料 マンゴーサイダー,クラフト・瓶もの,/drinks/tomomasu-mango.webp,細身のオレンジ色の瓶は、ジュースのパックとは別に、ひとりの前に一本。,細身の瓶に橙色のラベル。300mlです。,300ml瓶,開けるとマンゴーが香って、まろやかな甘さ。炭酸入りです。,https://store.tomomasu.co.jp/products/kajitsu-mango-24,,,https://store.tomomasu.co.jp/products/kajitsu-mango-24,,1
coca-cola-can350,コカ・コーラ,缶・パーティー向き,/drinks/coca-cola-can350.webp,赤い缶を人数ぶん、手前にずらっと並べて。,赤い缶、350ml。,350ml缶,コーラの香りに甘さと炭酸。後味に甘さが残ります。,https://www.coca-cola.com/jp/ja/brands,https://www.amazon.co.jp/dp/B0G5F8PKPV,,,,1
pepsi-can340,ペプシコーラ,缶・パーティー向き,/drinks/pepsi-can340.webp,青い缶は赤い缶の向かい側に。同じ列には混ぜずに。,青い缶、340ml。赤の缶とは色ではっきり分かれます。,340ml缶,コーラの香りが先に来て、しっかり甘く、泡は強め。,https://products.suntory.co.jp/d/4901777333864/,https://www.amazon.co.jp/dp/B07PWV1G5F,,,,1
mitsuyacider-can250,三ツ矢サイダー,缶・パーティー向き,/drinks/mitsuyacider-can250.webp,250mlの小さな缶を、ひとりの手元に。,白と緑の缶、250ml。背が低くて手に取りやすいサイズです。,250ml缶,りんごのような香りで、軽い甘さと泡。開けるとすぐ甘さが来ます。,https://www.asahiinryo.co.jp/products/,https://www.amazon.co.jp/dp/B0GYBG66TB,,,,1
wilkinson-ginger-can,ウィルキンソン ジンジャーエール,缶・パーティー向き,/drinks/wilkinson-ginger-can.webp,190mlの缶は甘いサイダーとは分けて、しょうが好きの席に。,赤いラベルの190ml缶。背は低めです。,190ml缶,しょうがの香りに、甘さとぴりっとした刺激。,https://www.asahiinryo.co.jp/products/,https://www.amazon.co.jp/dp/B0FGQFC7MZ,,,,1
cc-lemon-can,C.C.レモン 350ml缶,缶・パーティー向き,/drinks/cc-lemon-can.webp,黄色い缶は、ペットボトルのC.C.レモンとは別の列に人数ぶん。,黄色い350ml缶。並べると黄色が連なります。,350ml缶,レモンの酸味が先に来て、甘さと炭酸が続きます。,https://products.suntory.co.jp/,https://www.amazon.co.jp/dp/B0D87D9RLZ,,,,1
sanpellegrino-limonata,サンペレグリノ リモナータ,缶・パーティー向き,/drinks/sanpellegrino-limonata.webp,淡い黄色の缶は、アランチャータのオレンジの列の隣に。,淡い黄色の缶に青いロゴ。330mlです。,330ml缶,甘酸っぱく、泡は細かめ。開けるとまずレモンが香ります。,https://www.sanpellegrino.com/jp/beverages/limonata?_wrapper_format=html,,,,https://www.yodobashi.com/product/100000001007579063/,1
qoo-orange-can,Qoo オレンジ,缶・パーティー向き,/drinks/qoo-orange-can.webp,オレンジ色の缶は桃のネクターとは分けて、人数ぶん手前に。,橙色の缶、280ml。,425ml PET,オレンジの香りでやさしい甘さ。酸味は控えめです。,https://www.coca-cola.com/jp/ja/brands,,https://item.rakuten.co.jp/marutokukan/10004081/,,https://item.rakuten.co.jp/misonoya/b16-4/,1
bireleys-orange,バヤリース オレンジ 280ml,缶・パーティー向き,/drinks/bireleys-orange.webp,280mlのオレンジは、245gの缶とは分けて列の端に。,オレンジ色のペットボトル、280ml。,280ml PET。一人一本。注がなくていい。,オレンジの香りに、軽い酸味と甘さ。後味は短めです。,https://www.asahiinryo.co.jp/products/,https://www.amazon.co.jp/dp/B0F23ZQ23J,,,,1
georgia-black-can,ジョージア THE ブラック,缶・パーティー向き,/drinks/georgia-black-can.webp,黒い缶を甘い缶の列の端に。甘くないのが欲しい人のために一本。,黒い缶に金の文字。185gの小さな缶です。,185g缶,香ばしいコーヒーで、甘さはなし。後味は軽め。,https://www.coca-cola.com/jp/ja/brands,https://www.amazon.co.jp/dp/B0G5BLQTM6,,,,1
hotaru-sparkling-500,蛍の郷の天然水スパークリング,柑橘・炭酸,/drinks/hotaru-sparkling-500.webp,甘い差し入れの横に、無糖の炭酸を一本。意外とすぐに手が伸びます。,500mlの透明ペットボトルに、蛍の郷の文字。中身は無色です。,500ml PET。無糖の炭酸。,天然水の炭酸水で、甘さはゼロ。そのまま飲んでも、割って使っても。,https://store.tomomasu.co.jp/products/hotaru-spk-500-24,https://www.amazon.co.jp/dp/B09YW63LXZ,,https://store.tomomasu.co.jp/products/hotaru-spk-500-24,,1
kimino-mikan,MIKANスパークリングジュース,柑橘・炭酸,/drinks/kimino-mikan.webp,お茶の時間、テーブルの端に濃いオレンジ色の瓶を。「次はこれにしよう」と声が上がる一本です。,透明なガラス瓶に濃いオレンジ色の中身。白いラベルにMIKAN、キャップは金色です。,250ml瓶。注がなくていい。人数のぶんだけ置けば、卓が終わる。,みかん果汁44%の炭酸。果汁の甘さのあとに、やわらかな酸味が来ます。,https://jp.kimino.com/products/mikan-sparking-juice,,,https://jp.kimino.com/products/mikan-sparking-juice,,1
kimino-mikan-water,MIKANスパークリングウォーター,柑橘・炭酸,/drinks/kimino-mikan-water.webp,長い会議のあと、甘いものは控えたい人の前にそっと。,白い350ml缶に、MIKANの文字とみかんの絵。SPARKLING WATERと書いてあります。,350ml缶。一人一本。,みかん果汁17%入りの炭酸水。甘さは控えめです。,https://jp.kimino.com/products/mikan-sparkling-water,,,https://jp.kimino.com/products/mikan-sparkling-water,,1
kimino-momo,KIMINO MOMOスパークリングジュース,柑橘・炭酸,/drinks/kimino-momo.webp,桃色の瓶を、テーブルの空いたところに。最初に手を伸ばした人のものです。,透明なガラス瓶に淡い桃色の中身。白いラベルにMOMO、キャップは金色です。,250ml瓶。一人一本。,桃果汁48%の炭酸。まず甘さが来て、あとから桃の香りが広がります。,https://jp.kimino.com/products/%E3%82%82%E3%82%82-%E3%82%B9%E3%83%91%E3%83%BC%E3%82%AF%E3%83%AA%E3%83%B3%E3%82%B0%E3%82%B8%E3%83%A5%E3%83%BC%E3%82%B9,,,https://jp.kimino.com/products/%E3%82%82%E3%82%82-%E3%82%B9%E3%83%91%E3%83%BC%E3%82%AF%E3%83%AA%E3%83%B3%E3%82%B0%E3%82%B8%E3%83%A5%E3%83%BC%E3%82%B9,,1
kimino-yuzu-water,YUZUスパークリングウォーター,柑橘・炭酸,/drinks/kimino-yuzu-water.webp,甘い缶が並ぶテーブルの真ん中に、甘くないゆずの缶を。場の空気がすっと軽くなります。,白い350ml缶にKIMINOのマークとYUZUの文字、ゆずの絵。,350ml缶。一人一本。注がなくていい。,ゆず果汁1%の無糖炭酸。ゆずが香って、甘さはありません。,https://jp.kimino.com/products/yuzu-sparkling-water,https://www.amazon.co.jp/dp/B0GZR3VHQF,,https://jp.kimino.com/products/yuzu-sparkling-water,,1
neo-soda-200,n.e.o プレミアムソーダ,柑橘・炭酸,/drinks/neo-soda-200.webp,割らずに飲む人のために、無糖の細い瓶をテーブルの端に。甘い飲みものが続いたときのひと休みに。,200mlの細身の透明ガラス瓶。n.e.oプレミアムソーダです。,200ml瓶。無糖炭酸。,無糖の炭酸水で、クセが少なめ。割っても、そのままでも。,https://store.tomomasu.co.jp/products/neo-soda-24,,,https://store.tomomasu.co.jp/products/neo-soda-24,,1
neo-tonic-200,n.e.o プレミアムトニックウォーター,柑橘・炭酸,/drinks/neo-tonic-200.webp,甘いものの隣に、ほろ苦い一本を。ちょっと大人な雰囲気になります。,200mlの細身の透明ガラス瓶に、落ち着いたn.e.oのラベル。,200ml瓶。一人一本、または割らずに置く。,キニーネのほろ苦さに柑橘の香り。そのままでも割ってもおいしいトニックです。,https://store.tomomasu.co.jp/products/neo-tonic-24,,,https://store.tomomasu.co.jp/products/neo-tonic-24,,1
pokka-kireto-155,キレートレモン 155ml,柑橘・炭酸,/drinks/pokka-kireto-155.webp,差し入れの袋から、いちばん小さな瓶を最初に取り出して。,155mlのガラス瓶に黄色い中身。小ぶりなキャップです。,155ml瓶。一人きりで飲み切る。,レモン果汁に砂糖と炭酸。酸っぱさがしっかりで、甘さはあとから来ます。,https://www.pokkasapporo-fb.jp/products/lemon/kire-to/WB52.html,https://www.amazon.co.jp/dp/B0F9WZ5FJS,,,,1
pokka-kireto-wlemon,キレートレモンＷレモン,柑橘・炭酸,/drinks/pokka-kireto-wlemon.webp,残業前のデスクに一本。ひと口目の酸っぱさで、話がはずみます。,黄緑のペットボトルに、大きなキレートレモンの文字。テーブルでも目立つ背の高さです。,500ml PET。二人で分けるなら注ぐ。,レモン果汁にビタミンC、クエン酸、炭酸。酸味が先で、甘さは控えめです。,https://www.pokkasapporo-fb.jp/products/lemon/kire-to/WV74.html,https://www.amazon.co.jp/dp/B0H7F94ZG6,,,,1
pokka-ribbon-citron,Ribbon シトロン,柑橘・炭酸,/drinks/pokka-ribbon-citron.webp,北海道を思い出す缶を、東京の会議室に。ふるさとの話に花が咲きます。,黄色い190mlの缶に、シトロンの文字。,190ml缶。一人一本。,甘酸っぱいシトロンの炭酸。小さめなので、さっと飲みきれます。,https://www.pokkasapporo-fb.jp/products/soda/ribbon/JF43.html,https://www.amazon.co.jp/dp/B06XFH2Q19,,,,1
yuagari-cider,湯あがり堂サイダー,柑橘・炭酸,/drinks/yuagari-cider.webp,金曜の仕事終わりに、小さな瓶を人数ぶん並べて。このあとどこ行く？の話が始まります。,95mlのミニガラス瓶にサイダー色の中身。レトロな湯あがり堂のラベルです。,95ml瓶。並べて置くだけで足りる。,昔ながらの甘酸っぱいサイダー。炭酸はしっかりで、後味はさっぱり。,https://store.tomomasu.co.jp/products/yuagari-cider-48,,,https://store.tomomasu.co.jp/products/yuagari-cider-48,,1
yuagari-honey-lemon,湯あがり堂 蜂蜜れもん,柑橘・炭酸,/drinks/yuagari-honey-lemon.webp,給湯室から戻ったら、小さな瓶をデスクに並べて。ほっとひと息つけます。,95mlのミニガラス瓶に、はちみつとレモンの色。湯あがり堂のラベルです。,95ml瓶。人数ぶん並べやすい。,はちみつの甘さとレモンの酸味。炭酸は軽めで、すぐ飲みきれるサイズ。,https://store.tomomasu.co.jp/products/yuagari-lemon-48,,,https://store.tomomasu.co.jp/products/yuagari-lemon-48,,1
kagome-apple-salad,野菜生活100 アップルサラダ,果汁・ネクター,/drinks/kagome-apple-salad.webp,りんご味が好きな人の前に紙パックを。次の差し入れ候補になるかも。,黄色みのある紙パックに、アップルサラダの文字。,200ml紙パック。一人一本。,野菜とりんごのミックスで、りんごの甘さが引き立ちます。,https://www.kagome.co.jp/products/drink/A7919/,https://www.amazon.co.jp/dp/B0GYCT3TPN,,,,1
kagome-ninjin-200,カゴメにんじんジュース 高β-カロテン,果汁・ネクター,/drinks/kagome-ninjin-200.webp,オレンジ色の紙パックを、甘い缶の列のあいだに。,にんじん色の200ml紙パック。カゴメの表記があります。,200ml紙。一人一本。,にんじんの甘さに、高β-カロテン。すっきりというより、野菜らしいしっかりした味です。,https://www.kagome.co.jp/products/drink/A1296/,,,,https://www.askul.co.jp/p/XP99970/,1
kagome-tomato-premium-195,カゴメトマトジュースプレミアム食塩無添加,果汁・ネクター,/drinks/kagome-tomato-premium-195.webp,グラスを用意する日は、プレミアムの一本を真ん中に。,濃いトマト色の195ml紙パックに、プレミアムの文字。,195ml。グラスがあると分けるのもいい。,国産トマトのストレート果汁で、食塩は不使用。生のトマトに近い香りです。,https://www.kagome.co.jp/products/drink/A0074/,,,,https://www.askul.co.jp/p/X860859/,1
kagome-yasai-160,カゴメ野菜ジュース食塩無添加,果汁・ネクター,/drinks/kagome-yasai-160.webp,甘いものを食べたあとに、野菜ジュースの缶をひとりぶん。,赤い面に野菜ジュースの文字。160gの小ぶりな缶です。,160g缶。一人一本。,トマト中心の野菜100%で、食塩無添加。GABA入り。野菜の味が濃いめです。,https://www.kagome.co.jp/products/drink/A7813/,,https://item.rakuten.co.jp/yamakuya/kagome-yasaijyusu-syokuenmutnka/,,,1
meiji-fruit-220,明治フルーツ,果汁・ネクター,/drinks/meiji-fruit-220.webp,ミルクより果物の味が好きな人に、220mlを手渡しで。,220mlの小さなペットボトル。オレンジの帯にフルーツの文字、中身は淡い黄色です。,220ml PET。一人一本。,果汁1%のフルーツ牛乳。やさしい甘さです。,https://www.meiji.co.jp/products/drink/4902705013810.html,,,https://meijimilk.net/products/2856-000640,,1
meiji-fruit-ole,明治オ・レ フルーツ,果汁・ネクター,/drinks/meiji-fruit-ole.webp,バナナの隣にフルーツの紙パックも。甘いもの好きの席がふたつになります。,フルーツ柄の200ml紙パック。明治オ・レです。,200ml。一人一本。,甘くて飲みやすいフルーツ牛乳。後味にミルクが残ります。,https://www.meiji.co.jp/products/drink/4902705027343.html,,,https://meijimilk.net/products/2856-000169,,1
meiji-ichigo-ole,明治オ・レ いちご,果汁・ネクター,/drinks/meiji-ichigo-ole.webp,甘いものが欲しい人の前に、いちごの紙パックを。,いちご色の200ml紙パックに、オ・レの文字。,200ml。一人一本。注がなくていい。,甘くてまろやかないちごミルク。ミルクのコクが残ります。,https://www.meiji.co.jp/products/drink/4902705027336.html,,,https://meijimilk.net/products/2856-000167,https://store.shopping.yahoo.co.jp/softdrink/4902705027336.html,1
pokka-lemon-shizuku,レモンの雫,果汁・ネクター,/drinks/pokka-lemon-shizuku.webp,炭酸が苦手な人には、レモンのペットボトルをそっと。,淡いレモン色の540mlペットボトル。レモンの雫の文字です。,540ml PET。注いで分けてもいい。,シチリア産レモン果汁の甘酸っぱさ。炭酸なしで、後味すっきり。,https://www.pokkasapporo-fb.jp/products/lemon/drink/WX63.html,https://www.amazon.co.jp/dp/B0GHLWN688,,,,1
pokka-prune-300,サンスウィート プルーンエキス,果汁・ネクター,/drinks/pokka-prune-300.webp,濃い甘さが欲しいときに、小さな瓶をテーブルの端に。,300gの瓶に、濃い紫黒の中身。サンスウィートのラベルです。,300g瓶。少量ずつ。人数で分けてもいい。,プルーンの濃縮果汁。とろりと甘く、果実のコクがしっかり。,https://www.pokkasapporo-fb.jp/products/health/prune/WF97.html,,,,https://anamall.ana.co.jp/shop/g/g0082-b43-246/,1
kimino-hojicha,Hojicha Still Tea,茶・ハーブ,/drinks/kimino-hojicha.webp,瓶入りのお茶は、グラスなしでそのまま置いて。並べるだけで絵になります。,340ml前後の瓶にほうじ茶色の中身。KIMINOのラベルです。,340ml瓶。一人一本。,炭酸なしのほうじ茶。香ばしくて、甘さは控えめ。,https://jp.kimino.com/products/hojicha-still-tea,,,https://jp.kimino.com/products/hojicha-still-tea,,1
kimino-sencha,Sencha Still Tea,茶・ハーブ,/drinks/kimino-sencha.webp,昼下がりに、煎茶の瓶を真ん中に。ひと息つくのにぴったりです。,340ml前後の瓶に煎茶の緑。KIMINOのラベルです。,340ml瓶。一人一本。,炭酸なしの煎茶で、緑茶のうまみがしっかり。,https://jp.kimino.com/products/sencha-still-tea,,,https://jp.kimino.com/products/sencha-still-tea,,1
meiji-gyokuro-200,明治玉露入り緑茶,茶・ハーブ,/drinks/meiji-gyokuro-200.webp,紙パックのお茶を、甘いオ・レの隣に。甘いのとお茶、好きなほうを選べます。,緑茶色の200ml紙パック。玉露入り緑茶です。,200ml。一人一本。,玉露入りの緑茶。紙パックらしいまろやかな味です。,https://www.meiji.co.jp/products/drink/4902705003835.html,https://www.amazon.co.jp/dp/B081HCHZXM,,,,1
pokka-gyokuro-ocha,玉露入りお茶,茶・ハーブ,/drinks/pokka-gyokuro-ocha.webp,濃いめのお茶が好きな人の前に、玉露入りを一本。,緑の600mlペットボトルに、玉露入りお茶の文字。,600ml PET。,国産の煎茶・玉露・抹茶を使用。コクがあって、後味は緑茶らしくすっきり。,https://www.pokkasapporo-fb.jp/products/cha/greentea/WV55.html,https://www.amazon.co.jp/dp/B0H5BFFJ4T,,,,1
pokka-kaga-bouhouji,加賀棒ほうじ茶,茶・ハーブ,/drinks/pokka-kaga-bouhouji.webp,ちょっとした休憩に、275mlのほうじ茶を。香ばしい香りがふわっと広がります。,茶色いお茶の275mlペットボトル。加賀棒ほうじ茶の文字です。,275ml。一人一本。,国産緑茶の茎を焙じた棒ほうじ茶。香ばしくて、添加物はビタミンCだけです。,https://www.pokkasapporo-fb.jp/products/cha/houjicha/WW45.html,https://www.amazon.co.jp/dp/B07HM3QTBH,,,,1
pokka-nippon-oolong,にっぽん烏龍,茶・ハーブ,/drinks/pokka-nippon-oolong.webp,甘い缶の列のあいだに、国産烏龍茶を一本。甘くないのも必要です。,烏龍茶色の525mlペットボトル。にっぽん烏龍の文字です。,525ml PET。,日本の茶葉で作った烏龍茶。コクと香りがあって、甘さはありません。,https://www.pokkasapporo-fb.jp/products/cha/oolongtea/WP19.html,,,,https://shimojima.jp/shop/g/g2501700035791/,1
pokka-sanpin-500,沖縄ポッカ さんぴん茶,茶・ハーブ,/drinks/pokka-sanpin-500.webp,旅の話が出たら、さんぴん茶を。花の香りで、気分は沖縄です。,500mlのペットボトルに、さんぴん茶の文字。透きとおった茶色です。,500ml PET。分けてもいい。,ジャスミン茶（さんぴん茶）。花の香りで、甘さはほぼありません。,https://www.pokkasapporo-fb.jp/products/cha/jasmin-tea/WR67.html,,https://item.rakuten.co.jp/marusanstore/160193-24p/,,,1
kagome-acai-berry,野菜生活100 Smoothie アサイー＆ベリーmix,ぶどう・ベリー,/drinks/kagome-acai-berry.webp,とろっとした飲みものが欲しい人にスムージーを。ストローがあると飲みやすいです。,濃い紫の330mlボトル。アサイー＆ベリーです。,330ml。一人一本。ストローがあると楽。,アサイーとベリーのミックス。とろみがあって、甘酸っぱい味です。,https://www.kagome.co.jp/products/drink/A0901/,,,,https://www.askul.co.jp/p/XP16072/,1
kagome-autumn-grape-berry,秋のフルーツこれ一本 ぶどう＆ミックスベリーブレンド,ぶどう・ベリー,/drinks/kagome-autumn-grape-berry.webp,秋の話題が出たテーブルに、ぶどうとベリーの一本を。季節を感じる席になります。,紫っぽい紙パック／ボトル。ぶどう＆ミックスベリーです。,200ml。一人一本。,ぶどうとミックスベリーの甘酸っぱい味。果物たっぷりな印象です。,https://www.kagome.co.jp/products/drink/A5217/,,,,https://www.askul.co.jp/p/X884109/,1
kagome-berry-100ml,野菜生活100 ベリーサラダ 100ml,ぶどう・ベリー,/drinks/kagome-berry-100ml.webp,小さな紙パックを人数ぶん並べて。甘いおやつタイムの始まりです。,コンパクトな100ml紙パック。ベリーサラダです。,100ml。子ども席にも、大人の一口にも。,ベリーの野菜・果物ミックス。甘くて、さっと飲みきれます。,https://www.kagome.co.jp/products/drink/A3481/,,,,https://anamall.ana.co.jp/shop/g/g0082-b13-117/,1
kagome-goki-budou,野菜生活100 贅沢仕立てのぶどうミックス,ぶどう・ベリー,/drinks/kagome-goki-budou.webp,紫っぽい720mlをテーブルの真ん中に。注ぐ量で人数に合わせて。,紫がかった紙パックに、ぶどうミックスの文字。,720ml紙。グラスがあると分けやすい。,ぶどうをたっぷり使った野菜・果物ミックス。甘さが引き立ちます。,https://www.kagome.co.jp/products/drink/A0806/,,,,https://www.misono-s.jp/SHOP/b13-599.html,1
kagome-shine-muscat,野菜生活100 長野シャインマスカットミックス,ぶどう・ベリー,/drinks/kagome-shine-muscat.webp,マスカットの話が出たら、このパックを。次の差し入れ候補になります。,黄緑っぽい紙パックに、シャインマスカットの文字。,195ml。一人一本。,長野のシャインマスカットを使ったミックス。香りが先に来て、甘さは穏やか。,https://www.kagome.co.jp/products/drink/A0881/,,,,https://www.askul.co.jp/p/AJE6581/,1
meiji-ichigo-220,明治いちご,ぶどう・ベリー,/drinks/meiji-ichigo-220.webp,ベリー色の紙パックを会議室の机の端に。甘いもの好きの席がひとつ増えます。,いちご色の220ml容器。明治いちごです。,220ml。一人一本。,果物の香りがする、甘いいちごドリンク。,https://www.meiji.co.jp/products/drink/4902705117549.html,,,https://meijimilk.net/products/2856-000638,,1
frula-lafrance,フルーラ ラ・フランス,クラフト・瓶もの,/drinks/frula-lafrance.webp,洋梨の瓶は、落ち着いた差し入れにぴったり。甘いけれど、主張しすぎません。,ラ・フランス色の200ml瓶。フルーラです。,200ml瓶。一人一本。,ラ・フランス味のラムネ。甘い果物の香りで、炭酸入りです。,https://store.tomomasu.co.jp/products/frula-laf-30,,,https://store.tomomasu.co.jp/products/frula-laf-30,,1
frula-lychee,フルーラ ライチ,クラフト・瓶もの,/drinks/frula-lychee.webp,淡い色のラムネ瓶を人数ぶん並べて。見た目だけで場が華やぎます。,ライチ色の200ml瓶。フルーラのパッケージです。,200ml瓶。一人一本。,ライチ味のラムネ。甘くてフルーティー、炭酸入りです。,https://store.tomomasu.co.jp/products/frula-lay-30,,,https://store.tomomasu.co.jp/products/frula-lay-30,,1
kimino-ume-water,UMEスパークリングウォーター,クラフト・瓶もの,/drinks/kimino-ume-water.webp,梅の香りの炭酸水を甘い瓶の隣に。甘くないのが欲しい人に。,マットな白の350ml缶に、UMEの文字と梅の絵。,350ml缶。一人一本。,梅果汁1%の炭酸で、砂糖は不使用。酸味はさっと引きます。,https://jp.kimino.com/products/ume-sparkling-water,https://www.amazon.co.jp/dp/B0GZR3VHQF,,https://jp.kimino.com/products/ume-sparkling-water,,1
neo-ginger-200,n.e.o プレミアムジンジャーエール,クラフト・瓶もの,/drinks/neo-ginger-200.webp,しょうがの効いた瓶を、甘いサイダーの隣に。大人向けの一本です。,200mlの細身のガラス瓶。n.e.oのジンジャーエールです。,200ml瓶。一人一本。,スパイスとしょうがを煮詰めたシロップで作るジンジャーエール。ぴりっと辛めです。,https://store.tomomasu.co.jp/products/neo-gin-200-24,,,https://store.tomomasu.co.jp/products/neo-gin-200-24,,1
swan-ramune,スワンラムネ,クラフト・瓶もの,/drinks/swan-ramune.webp,お祭りの話が出たら、ビー玉なしのラムネ瓶を。,レトロなスワンの200mlラムネ瓶。,200ml瓶。一人一本。,昔ながらのラムネで、甘くて炭酸が強めです。,https://store.tomomasu.co.jp/products/swan-kramune-200-30,,,https://store.tomomasu.co.jp/products/swan-kramune-200-30,,1
tomomasu-hakuto,友桝 豊潤白桃サイダー,クラフト・瓶もの,/drinks/tomomasu-hakuto.webp,桃色の瓶を、甘いものが欲しい人の前に。次回の差し入れが決まりそう。,白桃色の中身の、丸みのある300mlガラス瓶。豊潤白桃の文字です。,300ml瓶。一人一本。,白桃の甘い香りのサイダー。口当たりはやさしめです。,https://store.tomomasu.co.jp/products/kajitsu-ho-24,,,https://store.tomomasu.co.jp/products/kajitsu-ho-24,,1
tomomasu-melon,友桝 マスクメロンサイダー,クラフト・瓶もの,/drinks/tomomasu-melon.webp,緑がかった瓶は、ちょっと改まった差し入れのときに。,メロン色の中身の、丸みのある300mlガラス瓶。マスクメロンの文字です。,300ml瓶。一人一本。,マスクメロン味のサイダー。上品な甘さで、炭酸入りです。,https://store.tomomasu.co.jp/products/kajitsu-msk-24,,,https://store.tomomasu.co.jp/products/kajitsu-msk-24,,1
tomomasu-suika,友桝 スイカサイダー,クラフト・瓶もの,/drinks/tomomasu-suika.webp,丸い瓶をテーブルの真ん中に。見た目だけで笑顔になります。,スイカ色の中身の、丸みのある300mlガラス瓶。果実サイダーのラベルです。,300ml瓶。一人一本。栓抜き不要のスクリュー想定。,スイカ味のサイダー。やさしい甘さで、炭酸入りです。,https://store.tomomasu.co.jp/products/kajitsu-su-24,,,https://store.tomomasu.co.jp/products/kajitsu-su-24,,1
kagome-tomato-190can,カゴメトマトジュース食塩無添加 190g,缶・パーティー向き,/drinks/kagome-tomato-190can.webp,赤い缶を人数ぶん。甘いジュース缶のあいだに、野菜の一本を。,赤い190g缶のトマトジュースです。,190g缶。一人一本。,食塩無添加のトマトジュース。トマトのうまみがあって、甘さは控えめです。,https://www.kagome.co.jp/products/drink/A7367/,https://www.amazon.co.jp/dp/B0F2H56Z1P,,,,1
kagome-yasai-190can,野菜生活100 オリジナル 190g,缶・パーティー向き,/drinks/kagome-yasai-190can.webp,野菜生活の缶をソーダ缶の列に混ぜると、色の並びが変わって楽しくなります。,190g缶の野菜生活100オリジナル。,190g缶。一人一本。,野菜と果物のミックスで、いつものオリジナルの味です。,https://www.kagome.co.jp/products/drink/A7361/,,,,https://shimojima.jp/shop/g/g2501600019846/,1
meiji-aqua-aloe,明治アクアヨーグル アロエ,缶・パーティー向き,/drinks/meiji-aqua-aloe.webp,いつもの甘いドリンクに、アロエ入りもひとつ加えて。,200ml紙パックのアクアヨーグル アロエ。,200ml。一人一本。,ヨーグルト味にアロエ入り。甘くて、アロエの食感が少し残ります。,https://www.meiji.co.jp/products/drink/4902705042599.html,,,https://meijimilk.net/products/2856-000179,,1
meiji-aqua-yoglu,明治アクアヨーグル,缶・パーティー向き,/drinks/meiji-aqua-yoglu.webp,紙パックを人数ぶん。甘いヨーグルト味が欲しい人に。,200ml紙パックのアクアヨーグル。,200ml。一人一本。,ヨーグルト味のドリンク。甘くて、すっきりめです。,https://www.meiji.co.jp/products/drink/4902705042490.html,,,https://meijimilk.net/products/2856-000177,https://store.shopping.yahoo.co.jp/milk-and-latte/meiji-017.html,1
pokka-bluehawaii,がぶ飲み ブルーハワイソーダ,缶・パーティー向き,/drinks/pokka-bluehawaii.webp,青いボトルを、ちょっとおふざけの差し入れに。一気に場がなごみます。,青い中身の500mlペットボトル。がぶ飲みブルーハワイです。,500ml PET。分けても、一人でも。,ブルーハワイの甘い香りの炭酸。色も真っ青です。,https://www.pokkasapporo-fb.jp/products/soda/gabunomi/WX62.html,https://www.amazon.co.jp/dp/B0GHLWYK7Y,,,,1
pokka-kireto-up,キレートレモン UP,缶・パーティー向き,/drinks/pokka-kireto-up.webp,小さな缶を人数ぶん机に並べて。プシュッと開けたら始まりの合図です。,黄色い185mlの缶。キレートレモンUPです。,185ml缶。一人一本。注がなくていい。,レモン果汁にクエン酸、ビタミンC、ローヤルゼリー、炭酸。酸っぱさとシュワっと感が先に来ます。,https://www.pokkasapporo-fb.jp/products/lemon/kire-to/WQ31.html,,,,https://www.tajimaya-oroshi.net/product.php?id=36196,1
pokka-napolin-190,Ribbon ナポリン 190ml,缶・パーティー向き,/drinks/pokka-napolin-190.webp,小さいナポリンを差し入れ袋のいちばん上に。真っ先になくなります。,オレンジ色の190ml缶、ナポリンです。,190ml缶。一人一本。短い飲みきり。,甘酸っぱいナポリンの炭酸。飲みきりやすい小さな缶です。,https://www.pokkasapporo-fb.jp/products/soda/ribbon/WP38.html,https://www.amazon.co.jp/dp/B06XQCVQM8,,,,1
pokka-napolin-340,Ribbon ナポリン,缶・パーティー向き,/drinks/pokka-napolin-340.webp,オレンジ色の缶を人数ぶん横一列に。自然と北海道の話になります。,ナポリンのオレンジ色の340ml缶。Ribbonです。,340ml缶。一人一本。,果糖ぶどう糖液糖と砂糖の甘さに炭酸。パプリカ色素で色をつけた、柑橘系のソーダです。,https://www.pokkasapporo-fb.jp/products/soda/ribbon/WP39.html,https://www.amazon.co.jp/dp/B07JMDJJJC,https://item.rakuten.co.jp/watashoweb/0016-52948/,,,1
yuagari-sauna,湯あがり堂 サウナ,缶・パーティー向き,/drinks/yuagari-sauna.webp,ミニ瓶を机にずらりと並べて。小さいから何本でもいけます。,95mlのミニ瓶。湯あがり堂サウナです。,95ml瓶。人数×複数本向き。,サウナのあとに飲みたいサイダー系。ほどよい甘さと炭酸。,https://store.tomomasu.co.jp/products/yuagari-sauna,,,https://store.tomomasu.co.jp/products/yuagari-sauna,,1
pokka-kireto-2700,キレートレモン クエン酸2700 155ml,柑橘・炭酸,/drinks/pokka-kireto-2700.webp,食後のテーブルに、小さなレモンの瓶を一本だけ。,155mlの瓶に、キレートレモンの文字とクエン酸2700の表示。,155ml。一人で飲みきる。注がなくていい。,レモン、砂糖、レモン果皮エキスに炭酸。ビタミンCと甘味料も入っています。,https://www.pokkasapporo-fb.jp/products/lemon/kire-to/WW32.html,,https://item.rakuten.co.jp/pokkasapporo/4589850822544/,,https://www.seims.co.jp/shop/g/g4589850822537-4/,1
pokka-kireto-mukumi,キレートレモン MUKUMI 155ml,柑橘・炭酸,/drinks/pokka-kireto-mukumi.webp,話がひと段落したら、細長い瓶をそっと前に。,155mlの瓶にMUKUMIの文字。中身はレモン色です。,155ml。席の端に収まる。,レモンと炭酸に、果糖ぶどう糖液糖とビタミンC。ヘスペリジン入りです。,https://www.pokkasapporo-fb.jp/products/lemon/kire-to/WW40.html,https://www.amazon.co.jp/dp/B0F2H62HL2,,,,1
pokka-kireto-sugarfree,キレートレモン シュガーフリー 490ml,柑橘・炭酸,/drinks/pokka-kireto-sugarfree.webp,甘い缶の列の外側に、甘くないレモンを一本。,490mlのペットボトルに、シュガーフリーの表示。中身は淡い黄色です。,490ml。グラスに分けても、そのままでも足りる。,レモン果汁とレモンピールに炭酸。砂糖は使っていません。,https://www.pokkasapporo-fb.jp/products/lemon/kire-to/WY97.html,,,,https://storee.saisoncard.co.jp/shop/g/gAA0278-b43x770-P/,1
pokka-clear-lemon,サッポロクリアタンサン レモン 500ml,柑橘・炭酸,/drinks/pokka-clear-lemon.webp,氷を入れたい人の前に、透明な炭酸を。,500mlの透明ペットボトルに、クリアタンサンの文字とレモン。中身はほぼ無色です。,500ml。無糖の炭酸。人数が少なければ、グラスで分かれる。,レモンピールエキスに炭酸、酸味料、香料。糖類は入っていません。,https://www.pokkasapporo-fb.jp/products/water/sparkling/WV71.html,,,,https://www.misono-s.jp/SHOP/b17-194.html,1
pokka-kireto-wlemon-500,キレートレモン Wレモン 500ml,柑橘・炭酸,/drinks/pokka-kireto-wlemon-500.webp,レモンをがっつり味わいたいときは、500mlをテーブルの真ん中寄りに。,黄色が強い500mlペットボトル。Wレモンの文字です。,500ml。一人で持つには少し大きい。注いで分けられる。,レモンに果糖ぶどう糖液糖、レモン果皮エキス、炭酸。ビタミンC入りです。,https://www.pokkasapporo-fb.jp/products/lemon/kire-to/WY96.html,https://www.amazon.co.jp/dp/B0H7F94ZG6,,,,1
pokka-melon-soda,がぶ飲み メロンクリームソーダ 500ml,柑橘・炭酸,/drinks/pokka-melon-soda.webp,緑の飲みものが欲しいなら、メロンの炭酸を一本。,緑のラベルの500mlペットボトル。メロンクリームソーダです。,500ml。炭酸の甘いソーダ。一人で飲みきるには多い。,果糖ぶどう糖液糖、砂糖、加糖脱脂れん乳、脱脂粉乳に炭酸。乳成分と大豆を含みます。,https://www.pokkasapporo-fb.jp/products/soda/gabunomi/WP21.html,,,,https://www.seims.co.jp/shop/g/g4582409178420/,1
pom-sparkling,POM ポンスパークリング 410ml,柑橘・炭酸,/drinks/pom-sparkling.webp,みかんに炭酸が欲しいときは、このボトルを。,オレンジ色の中身の410mlペットボトル。ポンの文字とSPARKLING、果汁30%の表示があります。,410ml。グラスへ注ぐと、泡が先に立つ。,オレンジとうんしゅうみかんの果汁30%に、炭酸。果糖ぶどう糖液糖入りです。,https://www.ehime-inryo.co.jp/products/kodawari/137960.html,,,https://www.pom-j.com/item-detail/1557474,,1
kimino-momo-water,MOMOスパークリングウォーター 350ml,柑橘・炭酸,/drinks/kimino-momo-water.webp,甘い桃の隣に、甘くない桃の缶を。,白い350ml缶に、MOMOと桃の絵。SPARKLING WATERです。,350ml缶。ラベルは 350 ML。一人一本。,山梨の手摘み桃と西日本の水で作った無糖の炭酸。缶には果汁12%と表示があります。,https://jp.kimino.com/products/%E3%82%82%E3%82%82-%E3%82%B9%E3%83%91%E3%83%BC%E3%82%AF%E3%83%AA%E3%83%B3%E3%82%B0%E3%82%A6%E3%82%A9%E3%83%BC%E3%82%BF%E3%83%BC,,,https://jp.kimino.com/products/%E3%82%82%E3%82%82-%E3%82%B9%E3%83%91%E3%83%BC%E3%82%AF%E3%83%AA%E3%83%B3%E3%82%B0%E3%82%A6%E3%82%A9%E3%83%BC%E3%82%BF%E3%83%BC,,1
kagome-ichinichi-200,野菜一日これ一本 200ml,果汁・ネクター,/drinks/kagome-ichinichi-200.webp,野菜は紙パック一本で済ませたい人の前に。,赤みの強い200ml紙パック。野菜一日これ一本の文字です。,200ml。ストローでも、グラスでも。一人分。,30種類の野菜350g分を使った野菜100%ジュース。砂糖・食塩・栄養強化剤は不使用。トマトの味が濃いめです。,https://www.kagome.co.jp/products/drink/A3363/,https://www.amazon.co.jp/dp/B0FHJ3LCKX,,,,1
kagome-green-salad,野菜生活100 グリーンサラダ 200ml,果汁・ネクター,/drinks/kagome-green-salad.webp,朝のテーブルに、緑の紙パックを並べて。,緑の200ml紙パックに、グリーンサラダの文字。,200ml。一人一本。冷やして卓へ。,緑の野菜に、りんご・レモン・ぶどうなどの果物。野菜120g分で、食物繊維・鉄・カルシウム入りです。,https://www.kagome.co.jp/products/drink/A3612/,https://www.amazon.co.jp/dp/B0HJYB6GCV,,,,1
kagome-mango-salad,野菜生活100 マンゴーサラダ 200ml,果汁・ネクター,/drinks/kagome-mango-salad.webp,黄色い果物が好きな人の前に、マンゴーの紙パックを。,黄色と橙の200ml紙パック。マンゴーサラダの文字です。,200ml。一人分の紙パック。,黄にんじんやかぼちゃなど20種類の野菜に、マンゴーなどの果物。野菜汁70%、果汁30%です。,https://www.kagome.co.jp/products/drink/A7259/,,https://item.rakuten.co.jp/rakuten24/646277/,,https://store.shopping.yahoo.co.jp/soukai/646277.html,1
kagome-morning-fruit,朝のフルーツこれ一本 200ml,果汁・ネクター,/drinks/kagome-morning-fruit.webp,朝ごはんのテーブルの空いた場所に、果物の紙パックを。,果物の絵の200ml紙パック。朝のフルーツこれ一本の文字です。,200ml。朝食の席に一本。,りんご、オレンジ、バナナ、パインアップル、レモンなど30種類の果物をブレンド。,https://www.kagome.co.jp/products/drink/A8034/,,,,https://www.tanomail.com/product/9622526/,1
kagome-taiyo-tomato,野菜生活100 太陽のトマトMix 200ml,果汁・ネクター,/drinks/kagome-taiyo-tomato.webp,トマトそのままはちょっと、という人にりんご入りのトマトを。,赤い200ml紙パックに、太陽のトマトの文字。,200ml。一人一本。,国産トマトにりんご果汁とレモン果汁。飲みやすいトマトカクテルジュースです。,https://www.kagome.co.jp/products/drink/A0854/,,https://item.rakuten.co.jp/soukaidrink/648895/,,https://www.askul.co.jp/p/JAP4521/,1
kagome-aomori-apple,野菜生活100 青森りんごミックス 195ml,果汁・ネクター,/drinks/kagome-aomori-apple.webp,りんごの季節のテーブルに、細長い紙パックを立てて。,195mlの紙パックに、青森りんごミックスの文字。,195ml。砂糖不使用の表示がある。一人分。,青森県産りんごを使った野菜・果物100%。砂糖不使用で、ビタミンCは1日分です。,https://www.kagome.co.jp/products/drink/A0882/,,https://item.rakuten.co.jp/soukaidrink/653919/,,https://www.askul.co.jp/p/U216556/,1
pokka-mikan-400,つぶたっぷり贅沢みかん 400g,果汁・ネクター,/drinks/pokka-mikan-400.webp,みかんのつぶつぶを楽しみたいときは、ボトル缶を真ん中に。,400gのボトル缶。つぶたっぷり贅沢みかんの文字で、果肉のつぶが見えます。,400g。注いで分けると、つぶがグラスに残る。,みかんとゆずに、みかんのつぶ入り。異性化液糖と砂糖、酸味料を使っています。,https://www.pokkasapporo-fb.jp/products/otherdrink/tsubu/WW00.html,,https://item.rakuten.co.jp/pokkasapporo/4582409175207/,,https://www.tanomail.com/product/9618842/,1
pokka-setouchi-lemonade,瀬戸内レモンレモネード 500ml,果汁・ネクター,/drinks/pokka-setouchi-lemonade.webp,中国・四国の気分を出したいときに、レモンのボトルを一本。,500mlのペットボトルに、瀬戸内レモンレモネードの文字。中・四国限定の表示があります。,500ml。原材料に炭酸の記載はない。レモンの飲料。,レモン果汁とレモンピールエキスに果糖ぶどう糖液糖。酸味料とビタミンC入りです。,https://www.pokkasapporo-fb.jp/products/lemon/drink/WK92.html,,https://item.rakuten.co.jp/choosefood/ch-food672/,,https://store.shopping.yahoo.co.jp/hakariurisaiyasu/hsm00171d.html,1
meiji-tsuji-matcha-200,辻利 抹茶ラテ 200ml,茶・ハーブ,/drinks/meiji-tsuji-matcha-200.webp,甘いお菓子の横に、抹茶の紙パックを。甘いものとよく合います。,緑がかった茶色の200ml紙パック。辻利の文字と抹茶ラテです。,200ml。一人一本。乳飲料。,京都宇治の辻利の抹茶にミルク。ほんのり甘く、原材料は砂糖、乳製品、抹茶です。,https://www.meiji.co.jp/products/drink/4902705027312.html,https://www.amazon.co.jp/dp/B081HB6ZLN,,,https://www.askul.co.jp/p/APP4262/,1
meiji-tsuji-hojicha-200,辻利 ほうじ茶ラテ 200ml,茶・ハーブ,/drinks/meiji-tsuji-hojicha-200.webp,香ばしいのが好きな人の前に、ほうじ茶の紙パックを。,茶色の200ml紙パックに、ほうじ茶ラテの文字。,200ml。抹茶ラテの隣に置いても、色で分かれる。,辻利のほうじ茶とミルク。香ばしくて、ほんのり甘め。原材料は砂糖、乳製品、ほうじ茶です。,https://www.meiji.co.jp/products/drink/4902705027497.html,,,,https://meijimilk.net/products/2856-000480,1
meiji-tsuji-koi-matcha-210,辻利 お濃い抹茶ラテ 210ml,茶・ハーブ,/drinks/meiji-tsuji-koi-matcha-210.webp,抹茶はしっかり濃いのがいい人に、キャップ付きの紙パックを。,濃い緑の210mlキャップ付き紙パック。お濃い抹茶ラテの文字です。,210ml。持ち運べる口。卓では開けてそのまま。,辻利の抹茶をたっぷり使い、無脂肪のミルクと甘さを合わせました。原材料は乳製品、砂糖、抹茶です。,https://www.meiji.co.jp/products/drink/4902705129085.html,,,,https://www.askul.co.jp/p/AEP8705/,1
pokka-gyokuro-275,玉露入りお茶 275ml,茶・ハーブ,/drinks/pokka-gyokuro-275.webp,小さいお茶が欲しい人に、275mlを。,緑の275mlペットボトルに、玉露入りお茶の文字。,275ml。600mlより短い。一人で飲みきりやすい。,国産の煎茶・玉露・抹茶にビタミンC。甘さはありません。,https://www.pokkasapporo-fb.jp/products/cha/greentea/JN95.html,https://www.amazon.co.jp/dp/B0G5GYMH97,,,,1
pokka-lavender-tea,富良野ラベンダーティー 500ml,茶・ハーブ,/drinks/pokka-lavender-tea.webp,花の香りを楽しみたい日に、ラベンダーのボトルを一本。,薄紫の500mlペットボトル。富良野ラベンダーティーの文字です。,500ml。緑茶にラベンダー。,国産緑茶とラベンダーにビタミンC、香料。砂糖は使っていません。,https://www.pokkasapporo-fb.jp/products/cha/cha/JM18.html,,https://item.rakuten.co.jp/soukaidrink/4589850821462/,,https://store.shopping.yahoo.co.jp/soukai/4589850821462.html,1
pokka-date-mugicha,伊達麦茶 600ml,茶・ハーブ,/drinks/pokka-date-mugicha.webp,ごはんの横に、甘くない麦茶を一本。,麦色の600mlペットボトル。伊達麦茶の文字です。,600ml。食事のあいだに飲む麦茶。,日本の焙煎六条大麦にビタミンC。甘さはありません。,https://www.pokkasapporo-fb.jp/products/cha/cha/WT11.html,https://www.amazon.co.jp/dp/B0FPCLXPWW,,,,1
pokka-chiran-tea,かごしま知覧紅茶無糖 500ml,茶・ハーブ,/drinks/pokka-chiran-tea.webp,ミルクティーとは別に、無糖の紅茶も一本。,琥珀色の500mlペットボトル。知覧紅茶の文字と無糖の表示です。,500ml。砂糖を足さない席の紅茶。,日本の紅茶葉にビタミンCと香料。無糖です。,https://www.pokkasapporo-fb.jp/products/cha/tea/WU53.html,,,,https://www.askul.co.jp/p/4062997/,1
pokka-hibiscus-tea,宮古島ハイビスカスティー 500ml,茶・ハーブ,/drinks/pokka-hibiscus-tea.webp,赤いお茶が欲しいときは、ハイビスカスのボトルを。,赤い500mlペットボトル。宮古島ハイビスカスティーの文字と沖縄の表示があります。,500ml。緑茶にハイビスカス。一人で持つサイズ。,国産緑茶とハイビスカスエキスパウダーにビタミンC。コチニール色素と香料を使っています。,https://www.pokkasapporo-fb.jp/products/cha/cha/WN56.html,,,,https://onlineshop.san-a.co.jp/shop/g/g4582409188870/,1
kagome-acai-banana,野菜生活100 Smoothie アサイー＆バナナmix 330ml,ぶどう・ベリー,/drinks/kagome-acai-banana.webp,濃い紫のスムージーを、飲みたい人の前に。,紫の330ml紙パック。アサイー＆バナナmixの文字です。,330ml。季節限定の表示がある。砂糖不使用。,アサイーの酸味とバナナの甘さ。りんご、マンゴー、レモンと野菜も入って、鉄分の表示があります。,https://www.kagome.co.jp/products/drink/A0905/,,,,https://www.askul.co.jp/p/AKW6133/,1
kagome-muscat-lemon,野菜生活100 Smoothie シャインマスカット＆シチリアレモンMix 330ml,ぶどう・ベリー,/drinks/kagome-muscat-lemon.webp,ぶどうの香りが好きな人に、マスカットの紙パックを一本。,緑がかった黄色の330ml紙パック。シャインマスカットとシチリアレモンの文字です。,330ml。隠し味はレモングラス、とページにある。,シャインマスカットの甘さとシチリアレモンの酸味。りんご、ぶどう、野菜入りで、食物繊維とビタミンCも摂れます。,https://www.kagome.co.jp/products/drink/A0907/,,,,https://www.askul.co.jp/p/X909897/,1
kagome-acai-125,野菜生活100 Smoothie 濃厚アサイーmix 125ml,ぶどう・ベリー,/drinks/kagome-acai-125.webp,ちょっとした休憩に、小さなスムージーを。,濃い紫の125ml紙パック。濃厚アサイーmixの文字です。,125ml。飲みきり。砂糖不使用。,アサイー、りんご、バナナ、ブルーベリー、マンゴー、クランベリーなど。鉄分は1日分です。,https://www.kagome.co.jp/products/drink/A0914/,,,,https://www.misono-s.jp/SHOP/b13-606.html,1
kagome-fruit-iron,私のフルーツこれ一本 1日分の鉄分 330ml,ぶどう・ベリー,/drinks/kagome-fruit-iron.webp,ぶどう色の紙パックを、鉄分の表示が見える向きに置いて。,紫の果物の絵の330ml紙パック。私のフルーツこれ一本の文字です。,330ml。7種の果実。一人一本。,ぶどう、プルーン、ブルーベリー、ざくろ、バナナ、りんご、アサイー。鉄分は1日分で、果糖ぶどう糖液糖入りです。,https://www.kagome.co.jp/products/drink/A6360/,,,,https://www.tanomail.com/product/9656219/,1
pom-grape-800,POM グレープジュース 800ml,ぶどう・ベリー,/drinks/pom-grape-800.webp,ぶどうのボトルをテーブルの真ん中に置いて、グラスに注ぎ分けます。,濃い紫の中身の800mlペットボトル。ポングレープの文字と果汁100%の表示です。,800ml。人数がいる席向き。一本で何杯かになる。,濃縮還元のぶどう果汁100%に香料。ぶどうはチリ、アメリカ、ブラジル、アルゼンチンのいずれか産です。,https://www.ehime-inryo.co.jp/products/pom-juice/132510.html,,,,https://www.tajimaya-cc.net/products/138692,1
meiji-anpanman-grape-125,明治 アンパンマンのぶどうとりんご 125ml,ぶどう・ベリー,/drinks/meiji-anpanman-grape-125.webp,小さな紙パックが欲しい人の前に、ぶどうとりんごを。,アンパンマンの絵の125ml紙パック。ぶどうとりんごの文字です。,125ml。飲みきり。小さい一杯になる。,ぶどう（輸入）とりんごに香料。,https://www.meiji.co.jp/products/drink/4902705125339.html,,,,https://store.shopping.yahoo.co.jp/soukai/71377.html,1
kagome-acai-1000,野菜生活100 Smoothie アサイー＆ベリーmix 1000g,ぶどう・ベリー,/drinks/kagome-acai-1000.webp,紫のスムージーを、大きな紙パックごとテーブルの真ん中に。,ざくろの絵の1000gキャップ付き紙パック。アサイー＆ベリーmixの文字です。,1000g。200gで野菜1食分の表示。注いで分ける。330mlとは別の容器。,アサイー、ブルーベリー、ざくろ、りんご、レモンに14種類の野菜。砂糖不使用で、鉄と葉酸の表示があります。,https://www.kagome.co.jp/products/drink/A1384/,,,,https://www.tokyoshusui.com/c/drink/vegetablefruit/smoothie/3662938006,1
frula-mango,フルーラ マンゴー 200ml,クラフト・瓶もの,/drinks/frula-mango.webp,小さなガラス瓶を、ひとりに一本ずつ。マンゴーの絵がまず目に入ります。,ビー玉の飲み口の200mlガラスラムネ瓶。フルーラのマンゴーです。,200ml。ガラス。キャップは打ち込み式。,マンゴー味の炭酸ラムネ。,https://store.tomomasu.co.jp/products/frula-ma-30,,,https://store.tomomasu.co.jp/products/frula-ma-30,,1
neo-ginger-95,n.e.o プロフェッショナルジンジャーエール 95ml,クラフト・瓶もの,/drinks/neo-ginger-95.webp,しょうがの香りが好きな人に、小さな瓶を一本だけ。,95mlの小さなガラス瓶。n.e.oのジンジャーエールです。,95ml。飲みきりに近い。開ける前に、上下へ二、三回。,スパイスとしょうがを加熱したシロップで作る炭酸。甘さのあとに、しょうがの辛みとスパイス。原料が浮いて見えることがあります。,https://store.tomomasu.co.jp/products/neo-gin-95-24,,,https://store.tomomasu.co.jp/products/neo-gin-95-24,,1
tomomasu-durian,友桝 ドリアンサイダー 300ml,クラフト・瓶もの,/drinks/tomomasu-durian.webp,見たことのない瓶をテーブルの真ん中に一本。中のつぶつぶが気になります。,丸い300mlガラス瓶に、ドリアンの文字。果肉のようなつぶが見えます。,300ml。果実サイダー。グラスに注ぐと粒が動く。,ドリアン味の炭酸。さわやかな甘さです。,https://store.tomomasu.co.jp/products/kajitsu-do-24,,,https://store.tomomasu.co.jp/products/kajitsu-do-24,,1
swan-cider-mini,スワンサイダー ミニ 95ml,クラフト・瓶もの,/drinks/swan-cider-mini.webp,手の小さい人の前に、ミニのサイダー瓶を。,95mlの小さなガラス瓶。スワンの文字に、レトロなラベルです。,95ml。飲みきり。栓抜きが要る。330mlのスワンサイダーとは別の瓶。,グラニュー糖で作るサイダー。炭酸は強めで、甘さが口に残りにくいのが特徴です。,https://store.tomomasu.co.jp/products/swan-mn-95-48,,,https://store.tomomasu.co.jp/products/swan-mn-95-48,,1
kimino-ringo-water,RINGOスパークリングウォーター 350ml,クラフト・瓶もの,/drinks/kimino-ringo-water.webp,甘いりんごの隣に、甘くないりんごの缶を。,白い350ml缶に、RINGOとりんごの絵。SPARKLING WATERです。,350ml缶。ラベルは 350 ML。一人一本。,青森の手摘みりんごと西日本の水で作った無糖の炭酸。缶には果汁23%と表示があります。,https://jp.kimino.com/products/ringo-sparkling-water,,,https://jp.kimino.com/products/ringo-sparkling-water,,1
pokka-hop-furano,北海道富良野ホップ炭酸水 500ml,クラフト・瓶もの,/drinks/pokka-hop-furano.webp,甘くないのが欲しい人に、ホップの炭酸水を一本。,ほぼ透明の500mlペットボトル。富良野ホップの文字です。,500ml。甘くない炭酸。グラスに注いでも、そのままでも。,ホップエキスと炭酸、香料。砂糖は使っていません。,https://www.pokkasapporo-fb.jp/products/water/flavor/WS89.html,https://www.amazon.co.jp/dp/B0H7FMXHZ2,,,,1
fujiya-sparkling-peach,ネクタースパークリング 白桃＆シャルドネ 380ml,クラフト・瓶もの,/drinks/fujiya-sparkling-peach.webp,桃の微炭酸を、ボトル缶のまま前に。,380mlのボトル缶に、白桃とシャルドネの文字と桃の絵。,380ml。微炭酸。一人で飲みきれる大きさ。,ももとぶどうに果糖ぶどう糖液糖と水あめ。炭酸、酸味料、香料、ビタミンC入りです。,https://www.fujiya-peko.co.jp/sweets/item/21821.html,,,,https://www.misono-s.jp/SHOP/b40-99.html,1
kagome-ichinichi-190,野菜一日これ一本 190g,缶・パーティー向き,/drinks/kagome-ichinichi-190.webp,野菜を缶で手軽に摂りたい人の前に、190gを。,赤い190gの缶。野菜一日これ一本の文字です。,190g缶。一人一本。紙パックの200mlとは別の容器。,30種類の野菜350g分を使った野菜100%ジュース。砂糖・食塩・栄養強化剤は不使用です。,https://www.kagome.co.jp/products/drink/A3348/,,https://item.rakuten.co.jp/felicity-d/kag0028/,,,1
kagome-tomato-triple-265,カゴメトマトジューストリプルケア 食塩無添加 265g,缶・パーティー向き,/drinks/kagome-tomato-triple-265.webp,食塩なしのトマトを、缶のまま席に。,トマトの赤い265g缶。トリプルケア、食塩無添加の文字です。,265g PET。機能性表示食品。一人一本。,食塩無添加のトマトジュース。トマト由来の食物繊維とGABAの表示があります。,https://www.kagome.co.jp/products/drink/A4019/,,https://item.rakuten.co.jp/soukaidrink/4901306300763/,,https://www.askul.co.jp/p/WRA1742/,1
kagome-tomato-premium-160,カゴメトマトジュースプレミアム食塩無添加 160g,缶・パーティー向き,/drinks/kagome-tomato-premium-160.webp,小さいトマトの缶を、席の数だけ並べて。,160gの缶に、プレミアムと食塩無添加の文字。,160g。数量限定の表示がある。195mlとは別の大きさ。,旬の国産トマトをそのまま搾ったストレート果汁で、食塩無添加。さらっとしたのどごしです。,https://www.kagome.co.jp/products/drink/A0075/,,,,https://www.misono-s.jp/SHOP/b13-359.html,1
pokka-galana-350,Ribbon ガラナスカッシュ 350ml,缶・パーティー向き,/drinks/pokka-galana-350.webp,ガラナの缶を、炭酸の列に一本まぜて。,赤と黒の350ml缶。Ribbonのガラナスカッシュです。,350ml缶。一人一本。,ガラナエキスと果糖ぶどう糖液糖に炭酸。カラメル色素とビタミンC入りです。,https://www.pokkasapporo-fb.jp/products/soda/ribbon/WF82.html,https://www.amazon.co.jp/dp/B07HYXVH8K,,,,1
pokka-vitaene-350,ビタエネC 350ml,缶・パーティー向き,/drinks/pokka-vitaene-350.webp,ビタミンの缶を、甘いソーダの隣に。,茶色っぽいラベルの350ml缶。ビタエネCの文字です。,350ml缶。カフェインの記載がある。一人一本。,果糖ぶどう糖液糖と炭酸、酸味料にビタミンC。ナイアシン、カフェイン、ビタミンB6・B2も入っています。,https://www.pokkasapporo-fb.jp/products/soda/soda/WM75.html,,https://item.rakuten.co.jp/drink-cvs/4589850828102/,,https://www.misono-s.jp/SHOP/b43-543.html,1
pom-kawachi-190,POM 愛媛河内晩柑 190g,缶・パーティー向き,/drinks/pom-kawachi-190.webp,みかん好きの人の前に、晩柑の缶を。,青と白の190g缶。愛媛河内晩柑の文字と果汁100%の表示です。,190g缶。ストレート。一人一本。,愛媛県産の河内晩柑だけを搾ったストレート果汁。ジューシーでさわやかです。,https://www.ehime-inryo.co.jp/products/pure-juice/112820.html,,,https://www.pom-j.com/item-detail/1888892,,1
pom-harehime-190,POM 愛媛はれひめ 190g,缶・パーティー向き,/drinks/pom-harehime-190.webp,はれひめの缶は、晩柑とは別の席に。,橙色の190g缶。愛媛はれひめの文字と果汁100%の表示です。,190g缶。ストレート。一人一本。,愛媛県産のはれひめだけを使用。さっぱりした甘さと香りです。,https://www.ehime-inryo.co.jp/products/pure-juice/112830.html,,,https://www.pom-j.com/item-detail/1888893,,1
fujiya-lemon-squash-350,不二家レモンスカッシュ 350ml,缶・パーティー向き,/drinks/fujiya-lemon-squash-350.webp,レモンの缶をネクターの隣に。炭酸が欲しい人の席になります。,黒と黄色の350ml缶。レモンスカッシュの文字です。,350ml缶。果汁と果肉。一人一本。,レモン果汁とレモンパルプに、果糖ぶどう糖液糖と砂糖。炭酸、香料、ビタミンC、ヘスペリジン入りです。,https://www.fujiya-peko.co.jp/sweets/item/25099.html,,https://store.shopping.yahoo.co.jp/drink-cvs/4902555250991.html,,https://www.misono-s.jp/SHOP/b40-6.html,1
pokka-pulemon,キレートレモン PuLemon 490ml,柑橘・炭酸,/drinks/pokka-pulemon.webp,食後に口をさっぱりさせたい人に、炭酸のレモンを一本。,淡い黄色の490mlペットボトル。キレートレモンとPuLemonの文字です。,490ml。炭酸のレモン。一人で終わる量。,レモン果汁、レモンピールエキス、レモン果皮エキスに炭酸。ビタミンCと香料入りです。,https://www.pokkasapporo-fb.jp/products/lemon/kire-to/WW66.html,,,,https://www.misono-s.jp/SHOP/b43-749.html,1
pokka-yubari-melon,北海道搾り夕張メロンソーダ 500ml,柑橘・炭酸,/drinks/pokka-yubari-melon.webp,甘い炭酸が欲しい人の前に、夕張メロンのボトルを。,オレンジがかった中身の500mlペットボトル。夕張メロンソーダの文字です。,500ml。果汁は夕張メロン。炭酸。,果糖ぶどう糖液糖と夕張メロン果汁に炭酸。酸味料、香料、甘味料、着色料入りです。,https://www.pokkasapporo-fb.jp/products/soda/soda/WV57.html,,,,https://www.yodobashi.com/product/100000001008908278/,1
pokka-napolin-470,Ribbon ナポリン 470ml,柑橘・炭酸,/drinks/pokka-napolin-470.webp,オレンジ色のボトルは、缶とは別に一本立てて。,オレンジのラベルの470mlペットボトル。Ribbonナポリンです。,470ml。缶の190ml、340mlとは別の容器。,果糖ぶどう糖液糖と砂糖に炭酸。酸味料、香料、パプリカ色素入りです。,https://www.pokkasapporo-fb.jp/products/soda/ribbon/WA96.html,https://www.amazon.co.jp/dp/B0926Z1HCT,,,,1
pokka-clear-600,サッポロクリアタンサン 600ml,柑橘・炭酸,/drinks/pokka-clear-600.webp,甘い炭酸の隣に、無糖の炭酸水を一本。,無色透明の600mlペットボトルに、クリアタンサンの青いラベル。,600ml。水と炭酸。,原材料は水と炭酸だけです。,https://www.pokkasapporo-fb.jp/products/water/sparkling/WV70.html,,https://item.rakuten.co.jp/rakuten24/4902471103357/,,https://www.tanomail.com/product/9651975/,1
pokka-clear-1000,サッポロクリアタンサン 1L,柑橘・炭酸,/drinks/pokka-clear-1000.webp,グラスをいくつか出す日は、1Lの炭酸水を真ん中に。,1Lの透明ペットボトル。600mlより背が高いクリアタンサンです。,1000mlのPET。注いで分ける。,原材料は水と炭酸だけ。中身は600mlと同じで、容量違いです。,https://www.pokkasapporo-fb.jp/products/water/sparkling/WV72.html,https://www.amazon.co.jp/dp/B0DSJLM6X3,,,https://www.askul.co.jp/p/UK71491/,1
kimura-mikan-cider,静岡みかんサイダー 240ml,柑橘・炭酸,/drinks/kimura-mikan-cider.webp,みかんの瓶を、ひとりの前に。注がずにそのままどうぞ。,緑のキャップの240mlガラス瓶。静岡みかんサイダーのラベルで、中身は黄色です。,240ml瓶。静岡県産の温州みかん果汁。,静岡県産の甘い温州みかん果汁を使ったサイダー。,https://www.kimura-drink.net/products/cider/shizuoka_mikan_cider/,,,https://www.kimura-drink.co.jp/cgi-bin/personal/shop/shohin_detail.cgi?shohin_cd=SKA484,,1
kimura-fuji-yuzu,富士山ゆずサイダー 240ml,柑橘・炭酸,/drinks/kimura-fuji-yuzu.webp,ゆずの香りを楽しみたい人に、小さな瓶を一本。,緑のキャップの240mlガラス瓶。富士山ゆずサイダーのラベルで、中身は薄い黄色です。,240ml瓶。富士川町産のゆず果汁。,ゆず果汁入りで、のどごしさわやか、後味すっきり。和の香りがします。,https://www.kimura-drink.net/products/cider/fujiyuzu_cider/,,,https://www.kimura-drink.co.jp/cgi-bin/personal/shop/shohin_detail.cgi?shohin_cd=SKA476Y,,1
hata-orange-ramune,ハタ瓶ラムネ オレンジ味 200ml,柑橘・炭酸,/drinks/hata-orange-ramune.webp,ビー玉の瓶を、オレンジのラベルでひとりに一本。,ビー玉の飲み口の200mlガラス瓶。オレンジ色のラベルにラムネの文字。,200ml。瓶。単品の径は公式でø57×200mm。,オレンジ味の瓶ラムネ。,https://www.hata-kosen.co.jp/pages/9/detail=1/b_id=150/r_id=32/,,,https://www.hata-kosen.jp/p/item-detail/detail/i53.html,,1
pom-iyokan-125,POM みかん・いよかんジュース 125ml,果汁・ネクター,/drinks/pom-iyokan-125.webp,小さな紙パックを、背の低い子の前に。,オレンジの絵の125ml紙パック。POMのみかん・いよかんジュースです。,125ml紙パック。飲みきり。,国産のうんしゅうみかんといよかん。酸味をやわらげてあります。,https://www.ehime-inryo.co.jp/products/pure-juice/120430.html,,,https://www.pom-j.com/item-detail/1046675,,1
pom-apple-800,POM アップルジュース 800ml,果汁・ネクター,/drinks/pom-apple-800.webp,りんごジュースを注ぐときは、細長いボトルを真ん中に。,赤いラベルの800mlペットボトル。POMアップルで、中身は黄色です。,800mlペット。グラスで分ける。,りんご（スペイン・トルコ・チリのいずれか）と香料。,https://www.ehime-inryo.co.jp/products/pom-juice/132410.html,https://www.amazon.co.jp/dp/B0G5HCQD1L,,,,1
pom-gyutto-momo,POM ギュっと丸搾りもも 800ml,果汁・ネクター,/drinks/pom-gyutto-momo.webp,桃が好きな人のために、ももと書いたボトルを一本。,桃の絵のラベルの800mlペットボトル。ギュっと丸搾りももの文字です。,800mlペット。果汁はもも。糖類あり。,もも（スペイン）、果糖ぶどう糖液糖、砂糖、食物繊維。酸味料、香料、ビタミンC入りです。,https://www.ehime-inryo.co.jp/products/kodawari/132660.html,,,https://www.pom-j.com/item-detail/1876587,,1
fujiya-kodawari-peach,ネクターこだわり白桃 195g,果汁・ネクター,/drinks/fujiya-kodawari-peach.webp,とろっとした桃が好きな人の前に、カートカンを。,桃の絵の195gカートカン。ネクターこだわり白桃です。,195g。ストローなしの設計、と公式にある。国産あかつき桃。,国産もも、砂糖、果糖ぶどう糖液糖。酸味料、香料、ビタミンC入りです。,https://www.fujiya-peko.co.jp/sweets/item/20792.html,https://www.amazon.co.jp/dp/B0H99TXLSG,,,,1
pokka-tsugaru-apple,津軽のりんご 280ml,果汁・ネクター,/drinks/pokka-tsugaru-apple.webp,小さめのりんごのボトルを、お菓子の横に。,黄色いキャップの280mlペットボトル。りんごの絵と、津軽のりんごの文字です。,280ml。りんご果汁。,果糖ぶどう糖液糖とりんご果汁。酸味料、ビタミンC、香料入りです。,https://www.pokkasapporo-fb.jp/products/otherdrink/other/WK08.html,https://www.amazon.co.jp/dp/B0H96JCQMJ,,,,1
kagome-lemon-salad,野菜生活100 すっきりレモンサラダ 200ml,果汁・ネクター,/drinks/kagome-lemon-salad.webp,レモンの酸味で野菜を飲みたい人に、紙パックを一本。,レモンの絵の200ml紙パック。すっきりレモンサラダです。,200ml。野菜と、レモン・ライム。,にんじんなどの野菜に、レモンとライム、発酵にんじん汁。ビタミンC、香料、クエン酸入りです。,https://www.kagome.co.jp/products/drink/A4322/,https://www.amazon.co.jp/dp/B0HJYB6GCV,,,,1
kagome-raiden-melon,野菜生活100 北海道らいでんメロンミックス 195ml,果汁・ネクター,/drinks/kagome-raiden-melon.webp,メロンの季節に、紙パックをひとりぶん。,メロンの絵の195ml紙パック。らいでんメロンミックスです。,195ml。メロンは北海道産100%、と原材料にある。,にんじんなどの野菜に、りんご、マンゴー、メロン、バナナ、レモン。香料、ビタミンC、クエン酸入りです。,https://www.kagome.co.jp/products/drink/A0877/,,,,https://www.askul.co.jp/p/AE79509/,1
meiji-anpan-apple-125,明治アンパンマンの完熟りんご 125ml,果汁・ネクター,/drinks/meiji-anpan-apple-125.webp,小さな紙パックを子どもの前に。,赤い125ml紙パック。完熟りんごとアンパンマンです。,125ml。一本で終わる。,りんご（輸入）と香料。,https://www.meiji.co.jp/products/drink/4902705125346.html,,https://item.rakuten.co.jp/rakuten24/71381/,,https://www.askul.co.jp/p/P699833/,1
pokka-guava-500,ポッカグァバ茶 沖縄 500ml,茶・ハーブ,/drinks/pokka-guava-500.webp,カフェインを控えたい人に、赤いボトルを一本。,赤に緑の葉のラベルの500mlペットボトル。グァバ茶の文字です。,500ml。ノンカフェイン、と公式にある。焙煎グァバ葉。,国内製造の焙煎グァバ葉とビタミンC。カフェインは0mgです。,https://www.pokkasapporo-fb.jp/products/cha/guava-tea/WR39.html,,https://item.rakuten.co.jp/oki-nanaya/pok004/,,https://onlineshop.san-a.co.jp/shop/g/g4902471512524/,1
pokka-sanpin-600,沖縄ポッカさんぴん茶 600ml,茶・ハーブ,/drinks/pokka-sanpin-600.webp,花の香りのお茶を、600mlで。,金と茶色のラベルの600mlペットボトル。さんぴん茶です。,600ml。既存の500mlとは容量が違う。,さんぴん茶（中国製造）とビタミンC。,https://www.pokkasapporo-fb.jp/products/cha/jasmin-tea/WR69.html,,,,https://www.washita.co.jp/products/detail/1528,1
pokka-corn-525,北海道コーン茶 525ml,茶・ハーブ,/drinks/pokka-corn-525.webp,香ばしいのが好きな人に、とうもろこしのお茶を一本。,黄色いラベルの525mlペットボトル。北海道コーン茶です。,525ml。無糖。焙煎とうもろこし。,国産の焙煎とうもろこし、難消化性デキストリン、ビタミンC、香料。,https://www.pokkasapporo-fb.jp/products/cha/cha/WS87.html,,https://item.rakuten.co.jp/pokkasapporo/4589850827112/,,https://www.tanomail.com/product/9677618/,1
pokka-houjicha-525,加賀棒ほうじ茶 525ml,茶・ハーブ,/drinks/pokka-houjicha-525.webp,ほうじ茶をゆっくり飲みたい日は、525mlを。,濃い茶色のラベルの525mlペットボトル。加賀棒ほうじ茶です。,525ml。既存の275mlとは別の容量。,国産緑茶の棒ほうじ茶に、ビタミンC。,https://www.pokkasapporo-fb.jp/products/cha/houjicha/WW46.html,https://www.amazon.co.jp/dp/B0FX4T9HNR,,,,1
pokka-maroyaka-195,旨みまろやか緑茶 195g,茶・ハーブ,/drinks/pokka-maroyaka-195.webp,少しだけお茶が欲しい人に、紙のカートカンをひとつ。,葉の模様の195gカートカン。緑茶の文字です。,195g。紙容器。煎茶と玉露。,国産の煎茶と玉露に、ビタミンC。,https://www.pokkasapporo-fb.jp/products/cha/greentea/WW49.html,https://www.amazon.co.jp/dp/B0FHB52K8C,,,https://www.askul.co.jp/p/E936506/,1
pokka-mabroc-ice,マブロック アイスティー微糖 525ml,茶・ハーブ,/drinks/pokka-mabroc-ice.webp,甘い紅茶は苦手な人に、微糖のストレートティーを。,紅茶色の525mlペットボトル。マブロック アイスティー微糖です。,525ml。微糖。紅茶。,果糖ぶどう糖液糖、砂糖、紅茶。ビタミンC、甘味料、香料入りです。,https://www.pokkasapporo-fb.jp/products/cha/tea/WX60.html,https://www.amazon.co.jp/dp/B0F43NTD6H,,,,1
pokka-mabroc-lemon,マブロック レモンティー微糖 525ml,茶・ハーブ,/drinks/pokka-mabroc-lemon.webp,微糖のレモンティーを、テーブルの端に。,薄い茶色の中身の525mlペットボトル。レモンティー微糖です。,525ml。レモン果汁入り。,果糖ぶどう糖液糖、紅茶、レモン果汁。ビタミンC、酸味料、甘味料、香料入りです。,https://www.pokkasapporo-fb.jp/products/cha/tea/WX61.html,,https://item.rakuten.co.jp/rakuten24/4902471102794/,,https://www.misono-s.jp/SHOP/b43-642.html,1
meiji-hojicha-latte-210,辻利 濃く香るほうじ茶ラテ 210ml,茶・ハーブ,/drinks/meiji-hojicha-latte-210.webp,ほうじ茶ラテは、210mlのこちらも。,210mlの紙パック。辻利の濃く香るほうじ茶ラテです。,210ml。ほうじ茶原料はほうじ茶ラテの1.8倍、と公式にある。,乳製品、砂糖、ほうじ茶。安定剤、ビタミンC、香料入り。ほろ苦い甘さです。,https://www.meiji.co.jp/products/drink/4902705133198.html,,,,https://meijimilk.net/products/2856-000633,1
kagome-berry-720,野菜生活100 ベリーサラダ 720ml,ぶどう・ベリー,/drinks/kagome-berry-720.webp,紫の野菜ジュースを注ぐなら、720mlのボトルを。,紫の野菜とベリーの絵の720mlペットボトル。ベリーサラダです。,720ml。200ml、100mlとは容量が違う。,紫いもや紫キャベツなどの野菜に、りんご、ぶどう、レモン、ブルーベリー、ラズベリー、クランベリー。,https://www.kagome.co.jp/products/drink/A7348/,https://www.amazon.co.jp/dp/B0H99JCW5Q,,,,1
kagome-berry-900,野菜生活100 ベリーサラダ ホームパック 900ml,ぶどう・ベリー,/drinks/kagome-berry-900.webp,大人数のときは、ホームパックをテーブルの真ん中に。,紫の900ml紙パック。ベリーサラダのホームパックです。,900ml。紙のホームパック。注いで分ける。,野菜に、ぶどう、ブルーベリー、ラズベリー、クランベリー。ビタミンC入りです。,https://www.kagome.co.jp/products/drink/A9255/,,,,https://www.monotaro.com/g/08017426/,1
kagome-gogo-fruit,午後のフルーツこれ一本 200ml,ぶどう・ベリー,/drinks/kagome-gogo-fruit.webp,午後のひと休みに、果物の紙パックを一本。,黄と緑の200ml紙パック。午後のフルーツこれ一本です。,200ml。果実のブレンド。,りんご、マンゴー、バナナ、ぶどう、いちご、もも、メロン、クランベリー、ブルーベリー、ラズベリー。香料、ビタミンC、クエン酸入りです。,https://www.kagome.co.jp/products/drink/A5215/,,https://item.rakuten.co.jp/cancan/4901306303498/,,https://www.askul.co.jp/p/WPW7079/,1
dole-grape-200,Dole グレープ 100% 200ml,ぶどう・ベリー,/drinks/dole-grape-200.webp,ぶどうの紙パックを、ひとりの前に。,紫のぶどうの絵の200ml紙パック。Dole Grape 100%です。,200ml。ぶどう。,ぶどうと香料。,https://www.meg-snow.com/products/detail.php?p=dole_g200,https://www.amazon.co.jp/dp/B0G5F864KR,,,,1
dole-muscat-200,Dole マスカットミックス 100% 200ml,ぶどう・ベリー,/drinks/dole-muscat-200.webp,マスカットの緑が欲しい人に、紙パックを。,緑のぶどうとりんごの絵の200ml紙パック。Muscat Mixです。,200ml。ぶどうとりんご。,ぶどうとりんごに香料。,https://www.meg-snow.com/products/detail.php?p=dole_muscat200,https://www.amazon.co.jp/dp/B0G5F864KR,,,,1
dole-strawberry-200,Dole ストロベリーミックス 100% 200ml,ぶどう・ベリー,/drinks/dole-strawberry-200.webp,いちごの絵の紙パックを、お菓子の横に。,いちごとぶどうの絵の200ml紙パック。Strawberry Mixです。,200ml。りんご、ぶどう、いちご。,りんご、ぶどう、いちごに香料。,https://www.meg-snow.com/products/detail.php?p=3256,,,,https://www.monotaro.com/p/1392/7981/,1
kimura-yamanashi-budo,山梨ぶどうサイダー 240ml,ぶどう・ベリー,/drinks/kimura-yamanashi-budo.webp,ぶどうの瓶は、紙パックとは別の席に。,青いキャップの240mlガラス瓶。山梨ぶどうサイダーで、中身は濃い赤です。,240ml瓶。山梨県産のぶどう果汁。,山梨県産ぶどう果汁のサイダー。香りが豊かです。,https://www.kimura-drink.net/products/cider/yamanashi_budo_cider/,,,https://www.kimura-drink.co.jp/cgi-bin/personal/shop/shohin_detail.cgi?shohin_cd=SKA485,,1
hata-blueberry-ramune,ハタ瓶ラムネ ブルーベリー味 200ml,ぶどう・ベリー,/drinks/hata-blueberry-ramune.webp,青いラベルのラムネを、ベリー好きの席の端に。,ビー玉入りの200mlガラス瓶。青紫のラベルです。,200ml瓶。,ブルーベリー味の瓶ラムネ。,https://www.hata-kosen.co.jp/pages/9/detail=1/b_id=150/r_id=31/,,,https://www.hata-kosen.jp/p/item-detail/detail/i6.html,,1
pom-mikan-straight-780,ポン 愛媛みかんストレート 780ml,クラフト・瓶もの,/drinks/pom-mikan-straight-780.webp,ストレート果汁の瓶は、テーブルの真ん中で注ぎ分けて。,オレンジ色の中身の780mlガラス瓶。愛媛みかんストレートです。,780ml瓶。うんしゅうみかん（愛媛県）。,愛媛県のうんしゅうみかんだけで作ったジュース。,https://www.ehime-inryo.co.jp/products/pure-juice/101350.html,,,https://www.pom-j.com/item-detail/1932246,https://www.ja-town.com/shop/g/g7201-0064/,1
kimura-momo-cider,完熟ももサイダー 240ml,クラフト・瓶もの,/drinks/kimura-momo-cider.webp,桃の瓶を、ひとりの右手側に。,緑のキャップの240mlガラス瓶。完熟ももサイダーで、中身は薄い桃色です。,240ml瓶。山梨県・長野県産のもも果汁、と公式にある。,完熟もも果汁のサイダー。芳醇な香りに、やさしい甘さです。,https://www.kimura-drink.net/products/cider/kanjyuku_momo_cider/,,,https://www.kimura-drink.co.jp/cgi-bin/personal/shop/shohin_detail.cgi?shohin_cd=SKA486A,,1
kimura-wasabi-ginger,WASABIジンジャーエール 240ml,クラフト・瓶もの,/drinks/kimura-wasabi-ginger.webp,甘い炭酸のあとに、わさびの瓶を一本。ちょっとした話のタネになります。,緑のラベルの240mlガラス瓶。GINGER ALEとわさびの文字です。,240ml瓶。田丸屋本店の本わさび、と公式にある。,本わさびを使ったジンジャーエール。わさびが香って、口当たりはドライです。,https://www.kimura-drink.net/products/cider/wasabi-gingerale/,,https://item.rakuten.co.jp/drink-market/b105-31/,,,1
kimura-fujisan-ramune,富士山ラムネ 400ml,クラフト・瓶もの,/drinks/kimura-fujisan-ramune.webp,大きなラムネは、ふたりで分けられるように真ん中に。,ビー玉入りの400mlガラス瓶。富士山ラムネの青いラベルです。,400ml瓶。元祖ビー玉ラムネの2倍の容量、と公式にある。,昔ながらのラムネの味。瓶が大きめです。,https://www.kimura-drink.net/products/ramune/fujisanramune/,,,https://www.kimura-drink.co.jp/cgi-bin/personal/shop/shohin_detail.cgi?shohin_cd=SKA328F,,1
hata-melon-ramune,ハタ瓶ラムネ メロン味 200ml,クラフト・瓶もの,/drinks/hata-melon-ramune.webp,緑のラムネは、メロンサイダーの瓶とは別に。,ビー玉入りの200mlガラス瓶。緑のラベルにメロンの文字です。,200ml瓶。,メロン味の瓶ラムネ。,https://www.hata-kosen.co.jp/pages/9/detail=1/b_id=150/r_id=29/,,,https://www.hata-kosen.jp/p/item-detail/detail/i26.html,https://www.yodobashi.com/product/100000001003372203/,1
hata-pine-ramune,ハタ瓶ラムネ パイン味 200ml,クラフト・瓶もの,/drinks/hata-pine-ramune.webp,黄色いラムネは、パインの紙パックとは離して、ひとりに一本。,ビー玉入りの200mlガラス瓶。黄色いラベルです。,200ml瓶。,パイン味の瓶ラムネ。,https://www.hata-kosen.co.jp/pages/9/detail=1/b_id=150/r_id=30/,,,https://www.hata-kosen.jp/p/item-detail/detail/i5.html,,1
hata-matcha-ramune,ハタ瓶ラムネ 抹茶 200ml,クラフト・瓶もの,/drinks/hata-matcha-ramune.webp,抹茶の炭酸は、ラテの紙パックとは別に瓶で。,ビー玉入りの200mlガラス瓶。緑のラベルに抹茶の文字です。,200ml瓶。宇治抹茶、と公式にある。,宇治抹茶を使ったラムネ。,https://www.hata-kosen.co.jp/pages/9/detail=1/b_id=150/r_id=3/,,,https://www.hata-kosen.jp/p/item-detail/detail/i27.html,,1
hata-lychee-ramune,ハタ瓶ラムネ ライチ味 200ml,クラフト・瓶もの,/drinks/hata-lychee-ramune.webp,ライチの瓶ラムネは、フルーラの瓶とは別の席に。,ビー玉入りの200mlガラス瓶。ピンクのラベルです。,200ml瓶。,ライチ味の瓶ラムネ。,https://www.hata-kosen.co.jp/pages/9/detail=1/b_id=150/r_id=44/,,https://item.rakuten.co.jp/sanyodo-shop/4902494190334/,https://www.hata-kosen.jp/p/item-detail/detail/i61.html,,1
pom-mikan-190,POM 愛媛みかん 190g,缶・パーティー向き,/drinks/pom-mikan-190.webp,みかんの缶を、人数ぶん横に並べて。,オレンジ色の190g缶。POM愛媛みかんです。,190g缶。果汁100%。うんしゅうみかん（愛媛県）。,愛媛県のうんしゅうみかんだけで作ったジュース。,https://www.ehime-inryo.co.jp/products/pure-juice/112810.html,,,https://www.pom-j.com/item-detail/1888891,,1
pom-toki-190,POM 青森トキ 190g,缶・パーティー向き,/drinks/pom-toki-190.webp,白いりんごの缶を、みかんの缶の隣に。,白と緑にりんごの絵の190g缶。青森トキです。,190g缶。りんごは青森県。,青森県産りんごに、酸化防止剤のビタミンC。,https://www.ehime-inryo.co.jp/products/pure-juice/112840.html,,,https://www.pom-j.com/item-detail/1888894,,1
pom-jonagold-190,POM 青森ジョナゴールド 190g,缶・パーティー向き,/drinks/pom-jonagold-190.webp,赤いりんごの缶は、トキの缶とは別に並べて。,赤い190g缶。青森ジョナゴールドです。,190g缶。りんごは青森県。,青森県産りんごに、酸化防止剤のビタミンC。,https://www.ehime-inryo.co.jp/products/pure-juice/112850.html,,,https://www.pom-j.com/item-detail/1888895,,1
pom-kokusan-190,POM 国産果実野菜ジュース 190g,缶・パーティー向き,/drinks/pom-kokusan-190.webp,野菜と果物を缶で出すなら、緑の缶を。,緑に野菜の絵の190g缶。国産果実野菜ジュースです。,190g缶。りんご、うんしゅうみかん、レモン、にんじん。,青森県のりんご、愛媛県のうんしゅうみかんとレモン、北海道のにんじん。,https://www.ehime-inryo.co.jp/products/pure-juice/112860.html,,,https://www.pom-j.com/item-detail/1932247,,1
fujiya-nectar-mix-350,不二家ネクターミックス 350g,缶・パーティー向き,/drinks/fujiya-nectar-mix-350.webp,ミックスの缶を、白桃の缶の隣に。,果物の絵の黄色い350g缶。ネクターミックスです。,350g缶。もも、りんご、バナナ、パイン、オレンジ。,もも、りんご、バナナ、パインアップル、オレンジと糖類。香料、酸味料、ビタミンC入りです。,https://www.fujiya-peko.co.jp/sweets/item/20707.html,,,,https://www.askul.co.jp/p/KE98507/,1
fujiya-tsubutsubu-380,ネクターつぶつぶ白桃 380g,缶・パーティー向き,/drinks/fujiya-tsubutsubu-380.webp,果肉入りの桃を、ボトル缶でひとりに。,桃の絵の380gボトル缶。つぶつぶ白桃です。,380g。白桃のピューレと果肉、と公式にある。,もも、果糖ぶどう糖液糖。香料、酸味料、ビタミンC、乳酸カルシウム入りです。,https://www.fujiya-peko.co.jp/sweets/item/21747.html,,,,,0
kagome-tomato-teien-190,カゴメトマトジュース 低塩 190g,缶・パーティー向き,/drinks/kagome-tomato-teien-190.webp,少し塩の入ったトマトの缶は、食塩無添加のものとは分けて。,赤い190g缶。トマトジュース低塩です。,190g缶。トマトと食塩。,トマト（輸入または国産）と食塩。,https://www.kagome.co.jp/products/drink/A7255/,,,,https://shimojima.jp/shop/g/g2501700035555/,1
kagome-ichinichi-long-190,野菜一日これ一本 長期保存用 190g,缶・パーティー向き,/drinks/kagome-ichinichi-long-190.webp,ストックしておいた缶を、その日の紙パックとは別に一本。,190g缶。長期保存用の野菜一日これ一本です。,190g缶。通常の190g缶とは別ページの長期保存用。,にんじん、トマト、ごぼうから紫キャベツまでの野菜に、レモン果汁。,https://www.kagome.co.jp/products/drink/A8728/,,,,https://www.askul.co.jp/p/1015939/,1
kimura-izu-lemon,伊豆レモンサイダー 240ml,柑橘・炭酸,/drinks/kimura-izu-lemon.webp,レモンの瓶は、甘い炭酸の列から少しずらして。,青いキャップの240mlガラス瓶。レモンの絵のラベルです。,240ml瓶。静岡県産の伊豆レモン果汁。,伊豆レモンの果汁を使ったサイダー。香りと酸味が先に来ます。,https://www.kimura-drink.net/products/cider/izu_lemon_cider/,,,https://www.kimura-drink.co.jp/cgi-bin/personal/shop/shohin_detail.cgi?shohin_cd=SKA469,,1
kimura-mikan-cola,静岡みかんコーラ 240ml,柑橘・炭酸,/drinks/kimura-mikan-cola.webp,コーラの列に、みかんの瓶を一本まぜて。色で見分けられます。,緑のキャップの240mlガラス瓶。みかんコーラのラベルで、中身は橙色です。,240ml瓶。日本平産のはるみ果汁。,はるみの果汁を使ったコーラ。酸味と甘さが両方楽しめます。,https://www.kimura-drink.net/products/cola/shizuoka_mikan-cola/,,,https://www.kimura-drink.co.jp/cgi-bin/personal/shop/shohin_detail.cgi?shohin_cd=SKA483M,,1
hata-yuzu-ramune,ハタ瓶ラムネ ユズ味 200ml,柑橘・炭酸,/drinks/hata-yuzu-ramune.webp,ゆずのラベルのビー玉瓶を、ひとりの前に。,ビー玉の飲み口の200mlガラス瓶。ユズ味のラベルです。,200ml。瓶。,ユズ味の瓶ラムネ。,https://www.hata-kosen.co.jp/pages/9/detail=1/b_id=150/r_id=45/,,,https://www.hata-kosen.jp/p/item-detail/detail/i62.html,,1
hata-pet-orange,ハタペットラムネ オレンジ味 250ml,柑橘・炭酸,/drinks/hata-pet-orange.webp,ガラスのラムネの隣に、軽いペットボトルのオレンジを。,250mlのペットボトル。オレンジ味のラムネです。,250ml。ペットボトル。瓶の200mlとは容器が違う。,オレンジ味のペットボトル入りラムネ。,https://www.hata-kosen.co.jp/pages/9/detail=1/b_id=150/r_id=214/,,,https://www.hata-kosen.jp/p/item-detail/detail/i98.html,,1
sangaria-shuwari-orange,シュワリオレンジ 500ml,柑橘・炭酸,/drinks/sangaria-shuwari-orange.webp,オレンジの炭酸は、紙パックとは別にボトルで。,橙色の中身の500mlペットボトル。シュワリオレンジです。,500ml。オレンジの炭酸。,果糖ぶどう糖液糖とオレンジエキスに炭酸。酸味料、香料、ビタミンC、カロテン色素、甘味料（アセスルファムK、ステビア）入りです。,https://sangaria.co.jp/products/シュワリグレープ/,,https://item.rakuten.co.jp/soukaidrink/4902179124555/,,https://store.shopping.yahoo.co.jp/soukaidrink/4902179124555.html,1
sangaria-kyou-lemon-500,伊賀の天然水強炭酸水レモン 500ml,柑橘・炭酸,/drinks/sangaria-kyou-lemon-500.webp,甘いレモンの横に、香りひかえめの強炭酸を一本。,500mlの透明ペットボトル。強炭酸水レモンのラベルです。,500ml。レモンの風味。1000mlとは容量が違う。,鉱水とレモンエキスに炭酸、香料。,https://sangaria.co.jp/products/iga-tennensui-kyou-tansansui/,,,,https://forest.co.jp/Forestway/gi/199375/,1
kimura-strongsoda,KIMURA 強炭酸水 500ml,柑橘・炭酸,/drinks/kimura-strongsoda.webp,甘い瓶のあいだに、無糖の透明なボトルを。,水色のラベルにSODA STRONG。500mlの透明ペットボトルです。,500ml。強炭酸水。,強炭酸水です。,https://www.kimura-drink.net/products/basiq_plus/basiq_plus_strongsoda/,,,https://www.kimura-drink.co.jp/cgi-bin/personal/shop/shohin_detail.cgi?shohin_cd=SKA201,,1
sangaria-iga-tansan-500,伊賀の天然水炭酸水 500ml,柑橘・炭酸,/drinks/sangaria-iga-tansan-500.webp,レモン味の炭酸の隣に、香りなしの炭酸水も。,500mlの透明ペットボトル。伊賀の天然水炭酸水です。,500ml。鉱水の炭酸。,鉱水と炭酸だけ。,https://sangaria.co.jp/products/伊賀の天然水炭酸水/,,,,,0
pom-gyutto-mikan,POM ギュっと丸搾りみかん 800ml,果汁・ネクター,/drinks/pom-gyutto-mikan.webp,みかんジュースを注ぐときは、丸搾りのボトルを真ん中に。,800mlのペットボトル。ギュっと丸搾りみかんです。,800mlペット。うんしゅうみかん果汁30%。,うんしゅうみかん（ジョージア、国産）と果糖ぶどう糖液糖、砂糖。酸味料、香料、ビタミンC、カロチン色素入りです。,https://www.ehime-inryo.co.jp/products/kodawari/132640.html,,,https://www.pom-j.com/item-detail/1652793,,1
pom-juice-1000,POM ポンジュース 1000ml,果汁・ネクター,/drinks/pom-juice-1000.webp,朝のテーブルに、大きな紙パックのポンを一本。,みかんの絵の1000ml紙パック。ポンジュースです。,1000ml紙パック。280mlのPETとは容器も容量も違う。,うんしゅうみかんとオレンジに香料。,https://www.ehime-inryo.co.jp/products/pom-juice/120150.html,https://www.amazon.co.jp/dp/B0G5H8G21Y,,,,1
pom-juice-200,POM ポンジュース 200ml,果汁・ネクター,/drinks/pom-juice-200.webp,ひとりぶんの紙パックを、グラスの前に立てて。,200mlの紙パック。ポンジュースです。,200ml紙パック。飲みきり。,うんしゅうみかんとオレンジに香料。,https://www.ehime-inryo.co.jp/products/pom-juice/121190.html,,https://item.rakuten.co.jp/drink-cvs/4908729103810-2/,,https://www.tanomail.com/product/9672158/,1
pom-ashita-mikan,POM アシタノカラダ みかんジュース 125ml,果汁・ネクター,/drinks/pom-ashita-mikan.webp,小さな紙パックを、朝ごはんのお皿の端に。,125mlの紙パック。アシタノカラダのみかんです。,125ml紙パック。国産うんしゅうみかん。,国産のうんしゅうみかんだけで作ったジュース。,https://www.ehime-inryo.co.jp/products/functionality/120920.html,,,https://www.pom-j.com/item-detail/998119,https://www.ja-town.com/shop/g/g7201-0123/,1
dole-orange-200,Dole オレンジ 100% 200ml,果汁・ネクター,/drinks/dole-orange-200.webp,オレンジの紙パックを、ひとりの手元に。,200mlの紙パック。Doleのオレンジです。,200ml。紙パック。,オレンジと香料。,https://www.meg-snow.com/products/detail.php?p=dole_orange200,https://www.amazon.co.jp/dp/B0G5F864KR,,,,1
dole-mango-200,Dole マンゴーミックス 100% 200ml,果汁・ネクター,/drinks/dole-mango-200.webp,黄色い紙パックを、柑橘の列の端に。,200mlの紙パック。マンゴーミックスです。,200ml。りんごとももではなく、りんごとマンゴー。,りんごとマンゴーに香料。,https://www.meg-snow.com/products/detail.php?p=895,https://www.amazon.co.jp/dp/B0G5F864KR,,,,1
kimura-mikan100-200,静岡県産みかん100% 200ml,果汁・ネクター,/drinks/kimura-mikan100-200.webp,みかんの炭酸の隣に、果汁だけの小さな瓶を。,橙色の中身の200ml瓶。みかん100%のラベルです。,200ml瓶。ストレート果汁。720mlとは容量が違う。,静岡県産温州みかんのストレート果汁100%。,https://www.kimura-drink.net/products/pure/mikan100_200/,,,https://www.kimura-drink.co.jp/cgi-bin/personal/shop/shohin_detail.cgi?shohin_cd=SKA892,,1
pokka-kireto-525,キレートレモン クエン酸 525ml,果汁・ネクター,/drinks/pokka-kireto-525.webp,炭酸のレモンとは別に、炭酸なしのレモンのボトルを。,淡い黄色の中身の525mlペットボトル。キレートレモン クエン酸です。,525mlのPET。900mlとは容量が違う。,レモン果汁、果糖ぶどう糖液糖、レモン果皮エキス。酸味料、ビタミンC、クエン酸K、香料、甘味料、紅花色素入りです。,https://www.pokkasapporo-fb.jp/products/lemon/kire-to/WW55.html,https://www.amazon.co.jp/dp/B0DZCQP9SG,,,,1
pom-mugicha-600,POM 日本の麦茶 600ml,茶・ハーブ,/drinks/pom-mugicha-600.webp,香ばしい麦茶を、緑茶の列の外側に。,薄い茶色の中身の600mlペットボトル。日本の麦茶です。,600ml。六条大麦。,国産の六条大麦だけで作った麦茶。,https://www.ehime-inryo.co.jp/products/etc/135700.html,,,https://www.pom-j.com/item-detail/1888889,,1
pom-ocha-500,POM 日本のお茶 500ml,茶・ハーブ,/drinks/pom-ocha-500.webp,食事のあとに、緑茶のボトルをひとりに一本。,緑のラベルの500mlペットボトル。日本のお茶です。,500ml。緑茶。,国産緑茶とビタミンC。,https://www.ehime-inryo.co.jp/products/etc/136670.html,,,https://www.pom-j.com/item-detail/1430808,,1
pom-kuro-oolong,POM 黒烏龍茶 500ml,茶・ハーブ,/drinks/pom-kuro-oolong.webp,烏龍茶の席に、色の濃いボトルを一本。,濃い茶色の中身の500mlペットボトル。黒烏龍茶です。,500ml。烏龍茶。,中国産の烏龍茶とビタミンC。,https://www.ehime-inryo.co.jp/products/etc/136820.html,,,https://www.pom-j.com/item-detail/1742946,,1
pokka-corn-275,北海道コーン茶 275ml,茶・ハーブ,/drinks/pokka-corn-275.webp,小さなボトルを、525mlのコーン茶とは別にひとりぶん。,青いラベルの275mlペットボトル。コーン茶です。,275ml。カフェインゼロ。,焙煎とうもろこしと難消化性デキストリン。ビタミンC、香料入りです。,https://www.pokkasapporo-fb.jp/products/cha/cha/WU52.html,,https://item.rakuten.co.jp/pokkasapporo/4902471103111/,,https://www.tanomail.com/product/9615452/,1
sangaria-suminocha,澄みノ茶 500ml,茶・ハーブ,/drinks/sangaria-suminocha.webp,苦みの少ない緑茶を、濃いお茶の反対側に。,緑のラベルの500mlペットボトル。澄みノ茶です。,500ml。緑茶。,輸入緑茶と酵母エキス。ビタミンC、香料入りです。,https://sangaria.co.jp/products/su%ef%bd%8dinocha/,https://www.amazon.co.jp/dp/B0G5FGT58C,,,,1
sangaria-houjicha-500,すばらしいほうじ茶 500ml,茶・ハーブ,/drinks/sangaria-houjicha-500.webp,香ばしいほうじ茶は、緑茶の隣ではなく一歩うしろに。,500mlのペットボトル。すばらしいほうじ茶です。,500ml。ほうじ茶。,国産緑茶とビタミンC。,https://sangaria.co.jp/products/subarashii-ocha/,https://www.amazon.co.jp/dp/B0G5BQJGQ9,,,,1
sangaria-rooibos-500,あなたのルイボスティー 500ml,茶・ハーブ,/drinks/sangaria-rooibos-500.webp,赤いお茶を、日本茶の列の端に一本。,赤系のラベルの500mlペットボトル。ルイボスティーです。,500ml。ルイボス。,南アフリカ産のルイボスだけで作ったお茶。,https://sangaria.co.jp/products/anatano-rooibos-tea/,https://www.amazon.co.jp/dp/B0G5FSBM99,,,,1
itoen-lemon-green,お～いお茶 LEMON GREEN 600ml,茶・ハーブ,/drinks/itoen-lemon-green.webp,レモン香る緑茶を、無糖の緑茶の隣に。,緑のキャップの600mlペットボトル。水色のラベルにLEMON GREEN、中身は黄緑です。,600ml。レモンと緑茶。,日本の緑茶に、レモンエキス、レモングラスエキス、ビタミンC。,https://www.itoen.jp/products/51078/,,,https://www.itoen.jp/products/51078/,,1
kimura-shine-muscat,シャインマスカットサイダー 240ml,ぶどう・ベリー,/drinks/kimura-shine-muscat.webp,マスカットの瓶は、赤いぶどうとはラベルで分けて。,薄い緑のラベルの240mlガラス瓶。シャインマスカットです。,240ml瓶。信州産のシャインマスカット果汁。,シャインマスカット果汁のサイダー。香りが先に立ちます。,https://www.kimura-drink.net/products/cider/shinemuscat_cider/,,,https://www.kimura-drink.co.jp/cgi-bin/personal/shop/shohin_detail.cgi?shohin_cd=SKA487S,,1
kimura-ichigo-cider,静岡いちごサイダー 240ml,ぶどう・ベリー,/drinks/kimura-ichigo-cider.webp,いちごの赤い瓶を、ひとりの前に。,赤い中身の240mlガラス瓶。いちごのラベルです。,240ml瓶。静岡県産のいちご果汁。,静岡県産いちご果汁のサイダー。甘酸っぱい味です。,https://www.kimura-drink.net/products/cider/shizuoka_ichigo_cider/,,,https://www.kimura-drink.co.jp/cgi-bin/personal/shop/shohin_detail.cgi?shohin_cd=SKA474N,,1
kimura-akafuji,赤富士サイダー 240ml,ぶどう・ベリー,/drinks/kimura-akafuji.webp,赤いサイダーは、富士山の絵が見える向きに置いて。,赤紫の中身の240mlガラス瓶。赤富士のラベルです。,240ml瓶。山梨県産のぶどう果汁。,ぶどう果汁のサイダー。ラベルには赤く染まった富士山が描かれています。,https://www.kimura-drink.net/products/cider/akafuji_cider/,,,https://www.kimura-drink.co.jp/cgi-bin/personal/shop/shohin_detail.cgi?shohin_cd=SKA476A,,1
hata-ichigo-ramune,ハタ瓶ラムネ イチゴ味 200ml,ぶどう・ベリー,/drinks/hata-ichigo-ramune.webp,ビー玉のいちごラムネは、サイダーの瓶とは別に。,ビー玉入りの200mlガラス瓶。イチゴ味のラベルです。,200ml。瓶。,イチゴ味の瓶ラムネ。,https://www.hata-kosen.co.jp/pages/9/detail=1/b_id=150/r_id=28/,,,https://www.hata-kosen.jp/p/item-detail/detail/i3.html,,1
hata-clear-grape,ハタ クリアフルーツ グレープ 200ml,ぶどう・ベリー,/drinks/hata-clear-grape.webp,透明なグレープの瓶を、色の濃いぶどうの前に。,ビー玉入りの200mlガラス瓶。グレープの小さな絵で、中身はほぼ無色です。,200ml。瓶。,透明なグレープ味のラムネ。,https://www.hata-kosen.co.jp/pages/9/detail=1/b_id=150/r_id=194/,,,https://www.hata-kosen.jp/p/item-detail/detail/i82.html,,1
hata-clear-strawberry,ハタ クリアフルーツ ストロベリー 200ml,ぶどう・ベリー,/drinks/hata-clear-strawberry.webp,いちご味なのに透明な瓶を、赤いサイダーの横に。,ビー玉入りの200mlガラス瓶。ストロベリーのラベルです。,200ml。瓶。グレープとは味の名が違う。,透明なストロベリー味のラムネ。,https://www.hata-kosen.co.jp/pages/9/detail=1/b_id=150/r_id=208/,,,https://www.hata-kosen.jp/p/item-detail/detail/i83.html,,1
sangaria-shuwari-grape,シュワリグレープ 500ml,ぶどう・ベリー,/drinks/sangaria-shuwari-grape.webp,紫のボトルは、オレンジのシュワリとは色で分けて。,紫の中身の500mlペットボトル。シュワリグレープです。,500ml。グレープの炭酸。,果糖ぶどう糖液糖とグレープエキスに炭酸。酸味料、香料、カラメル色素、アントシアニン色素、ビタミンC、甘味料（アセスルファムK、ステビア）入りです。,https://sangaria.co.jp/products/シュワリグレープ/,,https://item.rakuten.co.jp/soukaidrink/4902179124562/,,https://www.askul.co.jp/p/WHA5886/,1
pokka-prune-900,サンスウィートプルーン100% 900ml,ぶどう・ベリー,/drinks/pokka-prune-900.webp,濃い紫のボトルを、注ぎ分け用にテーブルの端に。,濃い紫の中身の900mlペットボトル。プルーン100%です。,900ml。プルーンの果汁。,アメリカ産プラムのプルーン濃縮果汁。,https://www.pokkasapporo-fb.jp/products/health/prune/JJ42.html,,,,https://store.shopping.yahoo.co.jp/softdrink/4902471039410-2c.html,1
kimura-corn-cider,とうもろこしサイダー 240ml,クラフト・瓶もの,/drinks/kimura-corn-cider.webp,黄色い瓶は、果物のサイダーとは別の列に。,とうもろこしの絵の240mlガラス瓶。中身は黄色です。,240ml瓶。森町のとうもろこし「甘々娘」。,甘々娘（かんかんむすめ）を使ったサイダー。糖度の高いとうもろこしの甘さです。,https://www.kimura-drink.net/products/cider/toumorokoshi_cider/,,,https://www.kimura-drink.co.jp/cgi-bin/personal/shop/shohin_detail.cgi?shohin_cd=SKA480T,,1
kimura-rose-cider,ローズサイダー 240ml,クラフト・瓶もの,/drinks/kimura-rose-cider.webp,花の香りの瓶は、果物の瓶から少し離して。,赤い中身の240mlガラス瓶。ローズのラベルです。,240ml瓶。国産のバラエキス。,バラの花びらから抽出したエキスのサイダー。香りが先に立ちます。,https://www.kimura-drink.net/products/cider/rose_cider/,,,https://www.kimura-drink.co.jp/cgi-bin/personal/shop/shohin_detail.cgi?shohin_cd=SKA472N,,1
kimura-banana-cider,完熟バナナサイダー 240ml,クラフト・瓶もの,/drinks/kimura-banana-cider.webp,バナナの瓶は、メロンの緑とは色で分けて。,薄い黄色の中身の240mlガラス瓶。完熟バナナのラベルです。,240ml瓶。完熟バナナ果汁。,完熟バナナ果汁のサイダー。甘さのキレがいいです。,https://www.kimura-drink.net/products/cider/kanjyuku_banana_cider/,,,https://www.kimura-drink.co.jp/cgi-bin/personal/shop/shohin_detail.cgi?shohin_cd=SKA488B,,1
kimura-muskmelon,静岡マスクメロンサイダー 240ml,クラフト・瓶もの,/drinks/kimura-muskmelon.webp,メロンの緑の瓶を、ひとりのグラスの左に。,緑の中身の240mlガラス瓶。マスクメロンのラベルです。,240ml瓶。静岡のアローマメロン果汁。,アローマメロンの果汁を使ったサイダー。香りがしっかりしています。,https://www.kimura-drink.net/products/cider/shizuoka_muskmelon_cider/,,,https://www.kimura-drink.co.jp/cgi-bin/personal/shop/shohin_detail.cgi?shohin_cd=SKA478,,1
kimura-kiwi-cider,富士山キウイサイダー 240ml,クラフト・瓶もの,/drinks/kimura-kiwi-cider.webp,キウイの瓶は、メロンの隣を避けてひとつ空けて。,緑のラベルの240mlガラス瓶。富士山キウイです。,240ml瓶。富士市産のキウイ果汁。,富士市産キウイの果汁を使ったサイダー。,https://www.kimura-drink.net/products/cider/fujisan_kiwi_cider/,,,https://www.kimura-drink.co.jp/cgi-bin/personal/shop/shohin_detail.cgi?shohin_cd=SKA476K,,1
kimura-meloncream,静岡メロンクリームソーダ 250ml,クラフト・瓶もの,/drinks/kimura-meloncream.webp,クリームソーダの瓶を、喫茶店気分の席の真ん中に。,緑の中身の250mlガラス瓶。メロンクリームソーダのラベルです。,250ml瓶。240mlのサイダーより少し長い。静岡県産マスクメロン果汁。,マスクメロンの果汁を入れたクリームソーダ。,https://www.kimura-drink.net/products/cider/shizuoka_meloncreamsoda/,,https://item.rakuten.co.jp/drink-market/b105-119/,,https://www.misono-s.jp/SHOP/b105-119.html,1
hata-hakuto-ramune,ハタ瓶ラムネ 白桃味 200ml,クラフト・瓶もの,/drinks/hata-hakuto-ramune.webp,白桃の瓶は、いちごのラムネとはラベルで分けて。,ビー玉入りの200mlガラス瓶。白桃味のラベルです。,200ml。瓶。,白桃味の瓶ラムネ。,https://www.hata-kosen.co.jp/pages/9/detail=1/b_id=150/r_id=212/,,,https://www.hata-kosen.jp/p/item-detail/detail/i94.html,,1
hata-suika-ramune,ハタ瓶ラムネ スイカ味 200ml,クラフト・瓶もの,/drinks/hata-suika-ramune.webp,スイカの瓶を、夏のテーブルの端に一本。,ビー玉入りの200mlガラス瓶。スイカ味のラベルです。,200ml。瓶。,スイカ味の瓶ラムネ。,https://www.hata-kosen.co.jp/pages/9/detail=1/b_id=150/r_id=33/,,,https://www.hata-kosen.jp/p/item-detail/detail/i88.html,,1
sangaria-la-cola-350,ロサンゼルスコーラ 350g,缶・パーティー向き,/drinks/sangaria-la-cola-350.webp,赤い缶を瓶の列の手前に、人数ぶん並べて。,赤い350g缶。ロサンゼルスコーラです。,350g缶。一人一本。,果糖ぶどう糖液糖、酸味料、カラメル色素、香料、甘味料（ステビア、アセスルファムK、スクラロース）、カフェイン。,https://sangaria.co.jp/products/losangeles-cola/,https://www.amazon.co.jp/dp/B008985UTQ,,,https://www.misono-s.jp/SHOP/b18-304.html,1
sangaria-hazikete-orange,はじけてオレンジソーダ 250g,缶・パーティー向き,/drinks/sangaria-hazikete-orange.webp,小さいオレンジの缶を、机の端に並べて。,250g缶。はじけてオレンジソーダです。,250g缶。純水使用のシリーズ。,果糖ぶどう糖液糖とオレンジエキスに炭酸。酸味料、香料、ビタミンC、カロテン色素入りです。,https://sangaria.co.jp/products/hazikete/,https://www.amazon.co.jp/dp/B0C4XTJDKV,,,https://www.misono-s.jp/SHOP/b18-434.html,1
sangaria-hazikete-grape,はじけてグレープソーダ 250g,缶・パーティー向き,/drinks/sangaria-hazikete-grape.webp,紫の缶を、オレンジの缶の列の続きに。,250g缶。はじけてグレープソーダです。,250g缶。オレンジとは味が違う。,果糖ぶどう糖液糖とグレープエキスに炭酸。酸味料、カラメル色素、香料、アントシアニン色素入りです。,https://sangaria.co.jp/products/hazikete/,https://www.amazon.co.jp/dp/B0G5BDGYY8,,,,1
sangaria-ramune-190,サンガリアラムネ 190g,缶・パーティー向き,/drinks/sangaria-ramune-190.webp,ラムネの缶を、人数ぶん手前に並べて。,青いラベルの190g缶。サンガリアラムネです。,190g缶。250g缶とは容量が違う。,果糖ぶどう糖液糖と砂糖に炭酸。香料、酸味料入りです。,https://sangaria.co.jp/products/sangaria-ramune/,https://www.amazon.co.jp/dp/B004O6COG4,,,https://www.askul.co.jp/p/APP6458/,1
sangaria-tansan-185,きれいな炭酸水 185ml,缶・パーティー向き,/drinks/sangaria-tansan-185.webp,小さな炭酸水の缶を、甘い缶のあいだに。,185ml缶。きれいな炭酸水です。,185ml缶。一人で終わる量。,水と炭酸に、炭酸水素Na、塩化Ca、塩化Mg。,https://sangaria.co.jp/products/kireina-tansansui/,,,,https://www.tanomail.com/product/variation/00049193/,1
sangaria-ume-soda-190,香り爽やか梅ソーダ 190g,缶・パーティー向き,/drinks/sangaria-ume-soda-190.webp,梅の缶は、レモンの缶とはラベルで分けて。,190g缶。梅ソーダです。,190g缶。うめ果汁とはちみつ。,果糖ぶどう糖液糖、うめ果汁、はちみつに炭酸。酸味料、香料入りです。,https://sangaria.co.jp/products/kaorisawayaka-ume-soda/,https://www.amazon.co.jp/dp/B08ZNCLP3T,,,https://www.misono-s.jp/SHOP/b18-145.html,1
pokka-powergear,パワーギア 沖縄 500ml,缶・パーティー向き,/drinks/pokka-powergear.webp,黄色い缶を、炭酸のペットボトルとは別に一本。,黄色い500ml缶。パワーギア沖縄です。,500ml缶。炭酸のエナジードリンク。,果糖ぶどう糖液糖と砂糖に炭酸。酸味料、ビタミンC、保存料（安息香酸Na）、ナイアシンアミド、カフェイン、グルタミン酸Na、アスパラギン酸Na、香料、ビタミンB6、乳化剤、ビタミンB2入りです。,https://www.pokkasapporo-fb.jp/products/soda/soda/WM72.html,,https://item.rakuten.co.jp/marusanstore/160465-24/,,https://www.washita.co.jp/products/detail/3844,1
sangaria-sukitto-lemon,スキッとレモンC 190g,缶・パーティー向き,/drinks/sangaria-sukitto-lemon.webp,レモンの小さな缶を、ひとりの手の届くところに。,黄色い190g缶。スキッとレモンCです。,190g缶。レモン果汁とビタミンC。,果糖ぶどう糖液糖とレモン果汁に炭酸。ビタミンC、酸味料、香料、ベニバナ色素、甘味料（アセスルファムK、スクラロース）入りです。,https://sangaria.co.jp/products/sukitto-lemon-c/,,https://item.rakuten.co.jp/rakuten24/617310/,,https://store.shopping.yahoo.co.jp/kilat/s05426.html,1
sangaria-new-whisper,NEWウィスパー 500ml,柑橘・炭酸,/drinks/sangaria-new-whisper.webp,緑のシトラスのボトルを、無糖の炭酸から少しずらして。,緑のボトルに黄色と赤のロゴ。500mlのペットボトルです。,500mlペット。オレンジ、ライム、レモンのエキス。,シトラス味の炭酸で、炭酸は強めです。,https://sangaria.co.jp/products/new-whisper/,https://www.amazon.co.jp/dp/B0CZHMCZY6,,,https://store.shopping.yahoo.co.jp/softdrink/4902179023353.html,1
sangaria-ramupet,ラムペット 500ml,柑橘・炭酸,/drinks/sangaria-ramupet.webp,ペットボトルのラムネは、ガラス瓶のラムネとは別の棚に。,白と青のラベルの500mlペットボトル。,500mlペット。オレンジ、レモン、グレープフルーツのエキス。,3種類の柑橘エキスを使ったラムネ味の炭酸。,https://sangaria.co.jp/products/ramupet/,https://www.amazon.co.jp/dp/B0GLFT174V,,,,1
sangaria-iga-gf-1000,伊賀の天然水強炭酸水 グレープフルーツ 1000ml,柑橘・炭酸,/drinks/sangaria-iga-gf-1000.webp,グレープフルーツの1Lボトルを、レモン炭酸のうしろに。,黄緑のラベルの1000mlペットボトル。,1000mlペット。鉱水とグレープフルーツエキス。,伊賀の鉱水にグレープフルーツを加えた強炭酸。,https://sangaria.co.jp/products/iga-tennensui-kyou-tansansui/,,,,https://www.tanomail.com/product/9620430/,1
sangaria-iga-lime-1000,伊賀の天然水強炭酸水 ライム 1000ml,柑橘・炭酸,/drinks/sangaria-iga-lime-1000.webp,ライムの強炭酸を、柑橘の炭酸の列の端に。,緑のラベルの1000mlペットボトル。,1000mlペット。鉱水とライムエキス。,伊賀の鉱水にライムを加えた強炭酸。,https://sangaria.co.jp/products/iga-tennensui-kyou-tansansui/,https://www.amazon.co.jp/dp/B0CKL14361,,,,1
sangaria-iga-lemon-1000,伊賀の天然水強炭酸水 レモン 1000ml,柑橘・炭酸,/drinks/sangaria-iga-lemon-1000.webp,レモンの1Lは、同じ名前の小さいボトルとは別に。,黄色いラベルの1000mlペットボトル。,1000mlペット。鉱水とレモンエキス。500mlとは容量が違う。,伊賀の鉱水にレモンを加えた強炭酸。,https://sangaria.co.jp/products/iga-tennensui-kyou-tansansui/,,,,https://www.tanomail.com/product/9614644/,1
sangaria-andes-melon,うましゅわ アンデスメロンソーダ 500ml,柑橘・炭酸,/drinks/sangaria-andes-melon.webp,緑のメロンソーダを、白い炭酸の手前に一本。,緑のラベルにメロンの絵、白いキャップの500mlペットボトル。,500mlペット。メロン果汁。茨城県産アンデスメロン。,メロン果汁の炭酸。甘さと香りが先に来ます。,https://sangaria.co.jp/products/umashuwa-andes-melon-soda/,,,,https://anamall.ana.co.jp/shop/g/g0195-4902179024268/,1
sangaria-lychee-soda,POPPLE 太陽のライチソーダ 500ml,柑橘・炭酸,/drinks/sangaria-lychee-soda.webp,ライチの水色のボトルは、ぶどうの炭酸とは別の段に。,水色のラベルに赤いライチ、白いキャップの500mlペットボトル。,500mlペット。ライチ果汁。,ライチ果汁の炭酸。みずみずしい香りが広がります。,https://sangaria.co.jp/products/popple-%E5%A4%AA%E9%99%BD%E3%81%AE%E3%83%A9%E3%82%A4%E3%83%81%E3%82%BD%E3%83%BC%E3%83%80/,,,,https://anamall.ana.co.jp/shop/g/g0082-b18-669/,1
sangaria-mango-lassi,POPPLE マンゴーラッシーソーダ 450ml,柑橘・炭酸,/drinks/sangaria-mango-lassi.webp,マンゴーラッシーのソーダは、ジュースではなく炭酸の側に。,水色とオレンジのラベル、白いキャップの450mlペットボトル。,450mlペット。マンゴー果汁、加糖脱脂練乳、発酵乳。,マンゴーに練乳と発酵乳を合わせた炭酸。,https://sangaria.co.jp/products/popple-mango-lassi-soda/,,,,https://anamall.ana.co.jp/shop/g/g0082-b18-667/,1
sangaria-sukkirito-orange-500,すっきりとオレンジ 500ml,果汁・ネクター,/drinks/sangaria-sukkirito-orange-500.webp,すっきりとオレンジは、炭酸のオレンジとは棚を分けて。,オレンジ色のラベルの500mlペットボトル。,500mlペット。オレンジ果汁。炭酸はない。,オレンジ果汁のドリンク。甘さ控えめで、酸味が残ります。,https://sangaria.co.jp/products/sukkirito/,,https://item.rakuten.co.jp/misonoya/b18-356/,,https://www.askul.co.jp/p/WHA5744/,1
sangaria-sukkirito-honey-500,すっきりとはちみつレモン 500ml,果汁・ネクター,/drinks/sangaria-sukkirito-honey-500.webp,はちみつレモンを、炭酸レモンの反対側に。,黄と緑のラベルの500mlペットボトル。,500mlペット。レモン果汁とはちみつ。炭酸はない。,レモン果汁にはちみつを合わせたドリンク。,https://sangaria.co.jp/products/sukkirito/,,https://item.rakuten.co.jp/soukaidrink/4902179115584/,,https://www.tanomail.com/product/9639487/,1
sangaria-tsubu-orange-500,つぶつぶオレンジ 500ml,果汁・ネクター,/drinks/sangaria-tsubu-orange-500.webp,つぶ入りオレンジを、透明なジュースの前に一本。,果物の絵のオレンジのラベル、500mlペットボトル。,500mlペット。オレンジ果汁と果粒。炭酸はない。,オレンジのつぶつぶが入った果汁ドリンク。,https://sangaria.co.jp/products/tsubutsubu-orange/,,,,https://www.misono-s.jp/SHOP/b18-369.html,1
sangaria-nata-momo-500,つぶつぶナタデココ入りもも 500ml,果汁・ネクター,/drinks/sangaria-nata-momo-500.webp,桃とナタデココは、白ぶどうではなく桃の側に。,桃の絵のピンクのラベル、500mlペットボトル。,500mlペット。もも果汁とナタデココ。炭酸はない。,もも果汁にナタデココを入れたドリンク。,https://sangaria.co.jp/products/tsubutsubu-nata-de-coco-momo/,,,,https://anamall.ana.co.jp/shop/g/g0195-4902179023407/,1
sangaria-mikkuchu-500,みっくちゅじゅーちゅ 500ml,果汁・ネクター,/drinks/sangaria-mikkuchu-500.webp,みっくちゅじゅーちゅは、乳飲料とジュースの境目に。,白地に果物のイラストの500mlペットボトル。,500mlペット。りんご、オレンジ、パインアップル、もも、バナナと乳製品。炭酸はない。,いろいろな果物とミルクのミックス。酸味は弱めです。,https://sangaria.co.jp/products/mikkuchu-juichu/,,,,https://www.misono-s.jp/SHOP/b18-416.html,1
sangaria-banana-milk-500,まろやかバナナ＆ミルク 500ml,果汁・ネクター,/drinks/sangaria-banana-milk-500.webp,バナナミルクを、フルーツ牛乳の列の端に。,バナナの絵の黄色いラベル、500mlペットボトル。,500mlペット。バナナ果汁、ミルク、クリーム。炭酸はない。,バナナ果汁とミルク。酸味は少なく、ミルクのコクが先に来ます。,https://sangaria.co.jp/products/maroyaka-banana-and-milk/,,,,https://www.misono-s.jp/SHOP/b18-528.html,1
sangaria-sukkirito-momo-500,すっきりともも 500ml,果汁・ネクター,/drinks/sangaria-sukkirito-momo-500.webp,桃のすっきりとは、桃の缶とは別の段に。,桃のラベルの500mlペットボトル。,500mlペット。もも果汁。炭酸はない。,もも果汁のドリンク。甘さがすっと引きます。,https://sangaria.co.jp/products/sukkirito/,,,,https://www.yodobashi.com/product/100000001007005147/,1
pokka-kireto-900,キレートレモン クエン酸 900ml,果汁・ネクター,/drinks/pokka-kireto-900.webp,大きいボトルのレモンは、小さな瓶の横には置かずに。,緑のラベルにレモン、黄色いキャップの900mlペットボトル。,900mlペット。レモン果汁とレモン果皮エキス。炭酸はない。525mlとは容量が違う。,レモン果汁のクエン酸ドリンク。酸味が先に来ます。,https://www.pokkasapporo-fb.jp/products/lemon/kire-to/WW56.html,https://www.amazon.co.jp/dp/B0F8QQXTCD,,,,1
sangaria-jasmine-500,あなたのジャスミン茶 500ml,茶・ハーブ,/drinks/sangaria-jasmine-500.webp,ジャスミン茶の透明なボトルを、緑茶から離して。,水色のラベルに花の絵、500mlペットボトル。,500mlペット。ジャスミン茶。,ジャスミン茶。香りが先に来て、飲み口は軽めです。,https://sangaria.co.jp/products/anatano-jasmine-tea/,,,,https://www.misono-s.jp/SHOP/b18-556.html,1
sangaria-houji-600,あなたのほうじ茶 600ml,茶・ハーブ,/drinks/sangaria-houji-600.webp,ほうじ茶のボトルは、麦茶とまぜずに。,茶色のラベルの600mlペットボトル。,600mlペット。国産茶葉。,国産茶葉のほうじ茶。焙じた香りがします。,https://sangaria.co.jp/products/anatano-houjicha/,,,,https://www.askul.co.jp/p/AWX3732/,1
sangaria-genmai-500,あなたの抹茶入り玄米茶 500ml,茶・ハーブ,/drinks/sangaria-genmai-500.webp,玄米茶を、煎茶の列のうしろに一本。,緑のラベルに玄米の絵、500mlペットボトル。,500mlペット。炒り米と緑茶。抹茶入り。,炒ったお米の香りに、抹茶のまろやかさが加わった玄米茶。,https://sangaria.co.jp/products/anatano-macchairi-genmaicha/,,,,https://anamall.ana.co.jp/shop/g/g0195-4902179117809/,1
sangaria-kuromame-500,あなたの黒豆茶 500ml,茶・ハーブ,/drinks/sangaria-kuromame-500.webp,黒豆茶の濃いボトルは、薄い麦茶の前には出さずに。,黒と赤のラベルの500mlペットボトル。,500mlペット。黒大豆。北海道産。,黒大豆のお茶。豆のほのかな甘みと、香ばしい香りです。,https://sangaria.co.jp/products/anatano-kuromame-cha/,,,,https://www.misono-s.jp/SHOP/b18-646.html,1
sangaria-mugi-600,あなたの香ばし麦茶 600ml,茶・ハーブ,/drinks/sangaria-mugi-600.webp,香ばしい麦茶を、お昼ごはんのテーブルの端に。,麦色のラベルの600mlペットボトル。,600mlペット。国産の大麦。ノンカフェイン。,煎った大麦の麦茶。香ばしさが先に来ます。,https://sangaria.co.jp/products/anatano-koubashi-mugicha/,,,,https://www.misono-s.jp/SHOP/b18-577.html,1
sangaria-hatomugi-500,あなたのはと麦ブレンド茶 500ml,茶・ハーブ,/drinks/sangaria-hatomugi-500.webp,はと麦のブレンド茶は、緑茶とは棚を分けて。,黄緑のラベルの500mlペットボトル。,500mlペット。ハトムギ、大麦、玄米などのブレンド。,ハトムギに大麦と玄米を合わせたブレンド茶。,https://sangaria.co.jp/products/anatano-hatomugi-blend-cha/,,,,https://www.yamato-gokoro.co.jp/category/0016_0002_0005/KAT0001670.html,1
sangaria-yasuragu-500,やすらぐ抹茶入り緑茶 500ml,茶・ハーブ,/drinks/sangaria-yasuragu-500.webp,抹茶入りの緑茶を、ほうじ茶から離して。,緑のラベルの500mlペットボトル。,500mlペット。緑茶。抹茶入り。,抹茶入りの緑茶で、渋みは控えめです。,https://sangaria.co.jp/products/yasuragu-macchairi-ryokucha/,,https://item.rakuten.co.jp/onestep/s06670/,,https://store.shopping.yahoo.co.jp/alude/s06670.html,1
sangaria-grantea-lemon-500,グランティーレモン 500ml,茶・ハーブ,/drinks/sangaria-grantea-lemon-500.webp,レモンティーを、無糖の紅茶の隣にキャップを揃えて。,レモンの絵の黄と緑のラベル、500mlペットボトル。,500mlペット。紅茶とレモン果汁。炭酸はない。,紅茶にレモン果汁を合わせたレモンティー。,https://sangaria.co.jp/products/grantea/,https://www.amazon.co.jp/dp/B0H37ZGPKD,,,,1
sangaria-muscat-500,伊賀の天然水マスカットスパークリング 500ml,ぶどう・ベリー,/drinks/sangaria-muscat-500.webp,マスカットの炭酸は、ぶどうジュースの缶とは別の段に。,緑のラベルの500mlペットボトル。,500mlペット。マスカットエキス。炭酸。,マスカットの炭酸。香りが先に来て、後味は軽めです。,https://sangaria.co.jp/products/igano-tennensui-muscat-sparkling/,,,,https://anamall.ana.co.jp/shop/g/g0195-4902179022158/,1
sangaria-shirobudo-500,すっきりと白ぶどう 500ml,ぶどう・ベリー,/drinks/sangaria-shirobudo-500.webp,白ぶどうのボトルは、赤いぶどうの缶の横を避けて。,ぶどうの絵の緑のラベル、500mlペットボトル。,500mlペット。ぶどう果汁。炭酸はない。,ぶどう果汁のドリンク。白ぶどうの香りで、甘さはすっと引きます。,https://sangaria.co.jp/products/sukkirito/,,,,https://www.yodobashi.com/product/100000001003799110/,1
sangaria-tsubumi-280,つぶみ白ぶどう 280g,ぶどう・ベリー,/drinks/sangaria-tsubumi-280.webp,つぶみの缶を、白いテーブルに一本だけ。,ぶどうの絵の緑と白のラベル、280g缶。,280g缶。ぶどうも果粒。炭酸はない。,ぶどうのつぶ入りの白ぶどうドリンク。,https://sangaria.co.jp/products/tsubumi-shirobudou/,,,,,0
sangaria-nata-budo-500,つぶつぶナタデココ入り白ぶどう 500ml,ぶどう・ベリー,/drinks/sangaria-nata-budo-500.webp,ナタデココ入り白ぶどうを、つぶなしのぶどうのうしろに。,ぶどうとナタデココの絵の緑のラベル、500mlペットボトル。,500mlペット。ぶどう果汁とナタデココ。炭酸はない。,ぶどう果汁にナタデココを入れたドリンク。,https://sangaria.co.jp/products/tsubutsubu-nata-de-coco-shirobudou/,,,,https://www.askul.co.jp/p/HU86522/,1
sangaria-gokochi-280,つぶごこちナタデココ白ぶどう 280ml,ぶどう・ベリー,/drinks/sangaria-gokochi-280.webp,小さな白ぶどうを、同じシリーズの500mlより手前に。,緑のラベルの280mlペットボトル。,280mlペット。ぶどうもナタデココ。炭酸はない。,ぶどうにナタデココを合わせた、小さめの一本。,https://sangaria.co.jp/products/tsubugokochi-nata-de-coco-shirobudou/,,,,https://www.yodobashi.com/product/100000001003799122/,1
sangaria-akabudo-190,果実味わう100％赤ぶどう 190g,ぶどう・ベリー,/drinks/sangaria-akabudo-190.webp,赤ぶどうの缶は、ミックスジュースの缶から離して。,ぶどうの絵の紫のラベル、190g缶。,190g缶。ぶどう。果汁100％。炭酸はない。,赤ぶどうの果汁100%。ぶどうそのものの香りです。,https://sangaria.co.jp/products/kajitsuajiwau-100per/,,https://item.rakuten.co.jp/sanchoku-shop/114/,,https://store.shopping.yahoo.co.jp/soukaidrink/617297.html,1
sangaria-ichigo-milk-500,まろやかいちご＆ミルク 500ml,ぶどう・ベリー,/drinks/sangaria-ichigo-milk-500.webp,いちごミルクは、ぶどうジュースではなくミルクの側に。,いちごの絵の赤と白のラベル、500mlペットボトル。,500mlペット。いちご果汁、ミルク、クリーム。炭酸はない。,いちご果汁とミルク。酸味は少なく、ミルクが先に来ます。,https://sangaria.co.jp/products/maroyaka-ichigo-and-milk/,,,,https://store.shopping.yahoo.co.jp/misono-support/b18-403.html,1
sangaria-grape-ramu-500,グレープラムボトル 500g,ぶどう・ベリー,/drinks/sangaria-grape-ramu-500.webp,グレープのボトル缶を、ペットボトルのぶどうより一段上に。,紫のラベルの500gボトル缶。,500gボトル缶。グレープエキス。炭酸。,グレープ味のラムネ炭酸。甘さと炭酸がいっしょに来ます。,https://sangaria.co.jp/products/ramubottle/,,,,https://www.misono-s.jp/SHOP/b18-312.html,1
sangaria-hazikete-melon,はじけてメロンソーダ 250g,缶・パーティー向き,/drinks/sangaria-hazikete-melon.webp,小さめのメロン缶は、オレンジソーダの缶の隣を避けて。,黄緑のラベルの250g缶。,250g缶。メロンエキス。炭酸。,メロン味の炭酸。後味は短めです。,https://sangaria.co.jp/products/hazikete/,https://www.amazon.co.jp/dp/B0C4XRNL9F,,,,1
sangaria-fuwatto-350,ふわっとメロンクリームソーダ 350g,缶・パーティー向き,/drinks/sangaria-fuwatto-350.webp,練乳メロンの缶を、透明な炭酸の前に。,メロンとクリームの絵の緑のラベル、350g缶。,350g缶。メロン果汁と加糖脱脂練乳。炭酸。,メロン果汁に練乳を合わせた炭酸。甘さが先に来ます。,https://sangaria.co.jp/products/fuwatto-melon-cream-soda/,,https://item.rakuten.co.jp/nakae/4902179022929/,,,1
sangaria-marohuwa-190,まろふわメロンクリームソーダ 190g,缶・パーティー向き,/drinks/sangaria-marohuwa-190.webp,小さいメロンクリームソーダを、大きい缶の手前に揃えて。,緑のラベルの190g缶。,190g缶。メロン果汁と加糖脱脂練乳。炭酸。350gとは容量が違う。,練乳とメロンの炭酸。飲みきりサイズの缶です。,https://sangaria.co.jp/products/marohuwa-melon-cream-soda/,,,,https://www.askul.co.jp/p/RH37641/,1
sangaria-vita-acerola,ビタソーダ アセロラ 350g,缶・パーティー向き,/drinks/sangaria-vita-acerola.webp,赤いアセロラの缶を、緑のソーダ缶から離して。,赤と白のラベルの350g缶。,350g缶。炭酸とビタミンC。,アセロラ味の炭酸。ビタミンC入りです。,https://sangaria.co.jp/products/vita-soda-acerola/,,,,https://www.askul.co.jp/p/UN84308/,1
sangaria-yogurun-350,ヨーグルンソーダ 350g,缶・パーティー向き,/drinks/sangaria-yogurun-350.webp,ヨーグルンの緑の缶は、ジュースではなく炭酸の列に。,緑のラベルの350g缶。,350g缶。発酵乳、加糖脱脂練乳、はちみつ。炭酸。,発酵乳とはちみつの炭酸。ミルクの香りが先に来ます。,https://sangaria.co.jp/products/yogurun-soda/,,,,https://www.misono-s.jp/SHOP/b18-482.html,1
sangaria-fruitvita-350,スキッとフルーツビタミンソーダ 350g,缶・パーティー向き,/drinks/sangaria-fruitvita-350.webp,フルーツビタミンの缶を、シングルフレーバーのソーダの端に。,オレンジと赤のラベルの350g缶。,350g缶。りんご、オレンジ、ぶどう、パインアップル、もも、バナナの果汁。炭酸。,いろいろな果汁を合わせた炭酸。ビタミンC入りです。,https://sangaria.co.jp/products/sukitto-fruit-vitamin-soda/,,,,https://www.misono-s.jp/SHOP/b18-616.html,1
sangaria-hiyashiame-190,ひやしあめ 190g,缶・パーティー向き,/drinks/sangaria-hiyashiame-190.webp,ひやしあめの缶は、炭酸ではなく甘いドリンクの側に。,縦書きの和柄ラベルの190g缶。,190g缶。水あめ、しょうが、はちみつ。高知県産しょうが。炭酸はない。,水あめにしょうがとはちみつ。冷やしても温めてもおいしい一本です。,https://sangaria.co.jp/products/hiyashiame-ameyu/,,,,https://anamall.ana.co.jp/shop/g/g0082-b18-143/,1
sangaria-ramune-250,サンガリアラムネ 250g,缶・パーティー向き,/drinks/sangaria-ramune-250.webp,250gのラムネ缶は、190gのものとは段を分けて。,青いラベルの250g缶。,250g缶。炭酸のラムネ。190gとは容量が違う。,砂糖で甘くしたラムネ味の炭酸。,https://sangaria.co.jp/products/sangaria-ramune/,,,,https://anamall.ana.co.jp/shop/g/g0195-4902179022707/,1
kimura-currypan,カレーパンサイダー 240ml,クラフト・瓶もの,/drinks/kimura-currypan.webp,カレーパンの瓶は、甘いサイダーの列から外して。,緑のキャップの240mlガラス瓶。黄色いラベルにカレーパンの絵です。,240ml瓶。カレーパン風味のサイダー。,スパイス香るカレーパン味のサイダー。後味は軽めです。,https://www.kimura-drink.net/products/cider/currypan_cider/,,,https://www.kimura-drink.co.jp/cgi-bin/personal/shop/shohin_detail.cgi?shohin_cd=SKA478Q,,1
kimura-melonpan,メロンパンサイダー 240ml,クラフト・瓶もの,/drinks/kimura-melonpan.webp,メロンパンの瓶は、メロンソーダの缶とは棚を分けて。,緑のキャップの240mlガラス瓶。水色のラベルにメロンパンの絵です。,240ml瓶。メロンパン風味のサイダー。,メロンパンをイメージした甘いサイダー。炭酸と甘さがいっしょに来ます。,https://www.kimura-drink.net/products/cider/malonpan_cider/,,,https://www.kimura-drink.co.jp/cgi-bin/personal/shop/shohin_detail.cgi?shohin_cd=SKA478P,,1
kimura-fukuneko,福招き猫サイダー 340ml,クラフト・瓶もの,/drinks/kimura-fukuneko.webp,招き猫の瓶は、ラベルが見えるように置いて。,青いキャップの340mlガラス瓶。ピンクのラベルに白い猫です。,340ml瓶。招き猫ラベルのサイダー。,透明なサイダー。ラベルは招き猫の絵です。,https://www.kimura-drink.net/products/cider/fukumanekineko_cider/,,,https://www.kimura-drink.co.jp/cgi-bin/personal/shop/shohin_detail.cgi?shohin_cd=SKA451N,,1
kimura-shizuoka-340,静岡サイダー 340ml,クラフト・瓶もの,/drinks/kimura-shizuoka-340.webp,富士山のラベルの静岡サイダーは、コーラの隣を避けて。,青いキャップの340mlガラス瓶。緑の丸いラベルに富士山です。,340ml瓶。大井川水系の伏流水でつくったサイダー。,定番のサイダーで、さわやかな飲み心地です。,https://www.kimura-drink.net/products/cider/shizuoka_cider/,,,https://www.kimura-drink.co.jp/cgi-bin/personal/shop/shohin_detail.cgi?shohin_cd=SKA450,,1
kimura-shizuoka-beach,静岡サイダー ビーチラベル 340ml,クラフト・瓶もの,/drinks/kimura-shizuoka-beach.webp,ビーチラベルは、定番ラベルと背中合わせにならないように。,青いキャップの340mlガラス瓶。海と富士山の丸いラベルです。,340ml瓶。静岡サイダーのビーチラベル。中身は伏流水のサイダー。,定番の静岡サイダー。ラベルだけが海の絵です。,https://www.kimura-drink.net/products/cider/shizuoka_cider_beach/,,,https://www.kimura-drink.co.jp/cgi-bin/personal/shop/shohin_detail.cgi?shohin_cd=SKA450A,,1
hata-yogurt-ramune,ハタ瓶ラムネ ヨーグルト味 200ml,クラフト・瓶もの,/drinks/hata-yogurt-ramune.webp,ヨーグルト味のラムネは、果物味の瓶からひとつ空けて。,ビー玉の口の200mlガラス瓶。白と水色のラベルです。,200ml瓶。ヨーグルト味。,ヨーグルト味の瓶ラムネ。,https://www.hata-kosen.co.jp/pages/9/detail=1/b_id=150/r_id=46/,,https://item.rakuten.co.jp/daihei/c011-011/,https://www.hata-kosen.jp/p/item-detail/detail/i65.html,,1
hata-cola-ramune,ハタ瓶ラムネ コーラ味 200ml,クラフト・瓶もの,/drinks/hata-cola-ramune.webp,コーラ味のラムネを、透明なラムネの列の端に。,ビー玉の口の200mlガラス瓶。濃い青のラベルにcolaの文字です。,200ml瓶。コーラ味。,コーラ味の瓶ラムネ。色は濃いめです。,https://www.hata-kosen.co.jp/pages/9/detail=1/b_id=150/r_id=42/,,,,,0
hata-clear-apple,ハタ クリアフルーツ アップル 200ml,クラフト・瓶もの,/drinks/hata-clear-apple.webp,アップルの透明な瓶は、ぶどうのものとは段を分けて。,水色のキャップの200mlガラス瓶。透明なラベルに緑のりんごです。,200ml瓶。アップル味。,アップル味の透明なラムネ。,https://www.hata-kosen.co.jp/pages/9/detail=1/b_id=150/r_id=193/,,,https://www.hata-kosen.jp/p/item-detail/detail/i81.html,,1
dydo-mistio-melon,ミスティオ メロンスカッシュ 250ml,柑橘・炭酸,/drinks/dydo-mistio-melon.webp,緑のメロン缶を、透明な炭酸の手前に一本。,緑の地にメロンソーダの絵、250ml缶。,250ml缶。炭酸。果汁の記載はない。,メロン味の炭酸。甘味料と酸味料入りです。,https://www.dydo.co.jp/products/detail/1225/,,,,,0
dydo-junsui-cider,純水サイダー 280ml,柑橘・炭酸,/drinks/dydo-junsui-cider.webp,青い純水サイダーの缶を、色の濃い炭酸から離して。,氷の絵の青と白の280ml缶。,280ml缶。果糖ぶどう糖液糖と炭酸。,純水で作ったサイダー。果汁は入っていません。,https://www.dydo.co.jp/products/detail/1224/,,,,,0
dydo-wano-lemon,和ノチカラ 有機レモン使用炭酸水 500ml,柑橘・炭酸,/drinks/dydo-wano-lemon.webp,レモンの炭酸水を、甘いサイダーのうしろに。,白いキャップの500mlペットボトル。青い帯のラベルにレモンです。,500mlペット。有機レモン果汁、レモンエキス、炭酸。,有機レモン果汁を加えた炭酸水。砂糖は使っていません。,https://www.dydo.co.jp/products/detail/1175/,,,,https://anamall.ana.co.jp/shop/g/g0082-b70-338/,1
dydo-wano-yuzu,和ノチカラ 旬搾りゆず炭酸水 500ml,柑橘・炭酸,/drinks/dydo-wano-yuzu.webp,ゆずの炭酸水を、レモンの炭酸より一段上に。,白いキャップの500mlペットボトル。橙色の帯にゆずです。,500mlペット。ゆず果汁と炭酸。,ゆず果汁の炭酸水。砂糖は使っていません。,https://www.dydo.co.jp/products/detail/1176/,,https://item.rakuten.co.jp/soukaidrink/4904910098859/,,https://store.shopping.yahoo.co.jp/soukai/4904910098859.html,1
dydo-fukkoku-lemon,復刻堂 レモンスカッシュ 500ml,柑橘・炭酸,/drinks/dydo-fukkoku-lemon.webp,黄色いレモンスカッシュの缶を、テーブルの真ん中に一本。,黄色から水色へのグラデーションに氷の絵、500ml缶。,500ml缶。果糖ぶどう糖液糖と炭酸、酸味料、香料。,レモン味の炭酸。果汁は入っていません。,https://www.dydo.co.jp/products/detail/1137/,https://www.amazon.co.jp/dp/B0CYY13R2Q,,,,1
dydo-frisk-ll,超！クールスパークリング フリスクレモン＆ライム 490ml,柑橘・炭酸,/drinks/dydo-frisk-ll.webp,レモンとライムの強い炭酸を、甘いジュースの反対側に。,黄と緑の果物の絵、白いキャップの490mlペットボトル。,490mlペット。食塩と炭酸、酸味料、甘味料、香料。,レモンとライムの炭酸。果汁は入っていません。,https://www.dydo.co.jp/products/detail/1228/,,https://item.rakuten.co.jp/rack-kan/7353657/,,https://shopping.jreast.co.jp/products/detail/s382/s382-b70-394,1
dydo-mistio-pine,ミスティオ 冷やしパインソーダ 350ml,柑橘・炭酸,/drinks/dydo-mistio-pine.webp,パインソーダの缶を、柑橘の炭酸の列の端に。,青空とパインの絵の350ml缶。,350ml缶。果糖ぶどう糖液糖、食塩、炭酸。,パイン味の炭酸。果汁は入っていません。,https://www.dydo.co.jp/products/detail/1170/,https://www.amazon.co.jp/dp/B0DTP7V7JQ,,,https://www.misono-s.jp/SHOP/b70-360.html,1
dydo-mistio-lychee,ミスティオ 塩とライチスパークリング 410ml,柑橘・炭酸,/drinks/dydo-mistio-lychee.webp,塩とライチのボトルは、ぶどうの炭酸とは棚を分けて。,水色のラベル、白いキャップの410mlペットボトル。,410mlペット。果糖ぶどう糖液糖、食塩、炭酸。,塩とライチの炭酸。果汁は入っていません。,https://www.dydo.co.jp/products/detail/1187/,,,,https://www.misono-s.jp/SHOP/b70-386.html,1
dydo-peach-nectar,とろけるピーチネクター 270g,果汁・ネクター,/drinks/dydo-peach-nectar.webp,桃のネクター缶は、桃の炭酸ではなくジュースの側に。,ピンクに桃の絵の270g缶。,270g缶。もも、糖類。炭酸はない。,ももを使ったネクター。ほどよく酸味が残ります。,https://www.dydo.co.jp/products/detail/1189/,,https://item.rakuten.co.jp/drink-market/b70-237/,,https://www.askul.co.jp/p/HK45814/,1
dydo-saratto-orange,さらっとしぼったオレンジ 275g,果汁・ネクター,/drinks/dydo-saratto-orange.webp,オレンジのボトル缶を、炭酸オレンジの手前に。,金のキャップの275gボトル缶。白と黄のラベルにオレンジです。,275gボトル缶。オレンジとオレンジピールエキス。炭酸はない。,オレンジの果汁ドリンク。炭酸は入っていません。,https://www.dydo.co.jp/products/detail/1182/,https://www.amazon.co.jp/dp/B0F25XHR8D,,,https://store.shopping.yahoo.co.jp/misono-support/b70-223.html,1
dydo-lemonade,レモネード 520ml,果汁・ネクター,/drinks/dydo-lemonade.webp,黄色いレモネードを、炭酸レモンの反対側に。,黄色いラベル、白いキャップの520mlペットボトル。,520mlペット。レモン果汁、食塩、ビタミンC。炭酸はない。,レモン果汁のレモネード。炭酸は入っていません。,https://www.dydo.co.jp/products/detail/1230/,,,,,0
dydo-yuzuremon-280,ダイドー ゆずれもん 280ml,果汁・ネクター,/drinks/dydo-yuzuremon-280.webp,ゆずれもんの小さなボトルは、炭酸のゆずから離して。,黄色いラベル、白いキャップの280mlペットボトル。,280mlペット。レモン果汁、ゆず果汁、はちみつ。炭酸はない。,ゆずとレモンにはちみつを合わせたドリンク。,https://www.dydo.co.jp/products/detail/1253/,,,,https://www.yodobashi.com/product/100000001009311298/,1
dydo-fruit-ole,復刻堂 フルーツオ・レ 280ml,果汁・ネクター,/drinks/dydo-fruit-ole.webp,フルーツオ・レを、乳飲料の列の端に。,果物の絵の橙色のラベル、白いキャップの280mlペットボトル。,280mlペット。糖類と脱脂粉乳。炭酸はない。,ミルクを使ったフルーツオ・レ。果汁は入っていません。,https://www.dydo.co.jp/products/detail/1067/,,,,https://anamall.ana.co.jp/shop/g/g0082-b70-170/,1
dole-apple-200,Dole アップル 100% 200ml,果汁・ネクター,/drinks/dole-apple-200.webp,りんごの紙パックを、缶のジュースより手前に。,赤いりんごの絵の200ml紙パック。,200ml紙パック。りんごジュース。濃縮還元。原材料はりんごと香料。,りんご果汁100%。炭酸は入っていません。,https://www.meg-snow.com/products/detail.php?p=dole_apple200,,,,https://www.misono-s.jp/SHOP/b199-2.html,1
dole-gf-200,Dole グレープフルーツミックス 100% 200ml,果汁・ネクター,/drinks/dole-gf-200.webp,グレープフルーツの紙パックを、りんごの隣に。,黄色にグレープフルーツの絵の200ml紙パック。,200ml紙パック。濃縮還元。グレープフルーツ、ぶどう、レモン。,3種類の果物を合わせた果汁100%。炭酸は入っていません。,https://www.meg-snow.com/products/detail.php?p=dole_gf200,https://www.amazon.co.jp/dp/B0GP6953QB,,,,1
dole-peach-200,Dole ピーチミックス 100% 200ml,果汁・ネクター,/drinks/dole-peach-200.webp,桃ミックスの紙パックは、ネクター缶とは別の段に。,桃とぶどうの絵の200ml紙パック。,200ml紙パック。濃縮還元。ぶどう、もも、バナナ、レモン。,桃を含む4種類の果物の果汁100%。炭酸は入っていません。,https://www.meg-snow.com/products/detail.php?p=894,,,,https://www.monotaro.com/p/1392/8008/,1
dydo-mugicha-600,ダイドー おいしい麦茶 600ml,茶・ハーブ,/drinks/dydo-mugicha-600.webp,麦茶の大きなボトルを、緑茶のうしろに。,白いキャップに水色のラベル、茶色い中身の600mlペットボトル。,600mlペット。大麦。六条と二条。,麦茶です。,https://www.dydo.co.jp/products/detail/1236/,,,,https://www.askul.co.jp/p/6163630/,1
dydo-hanocha-525,ダイドー 葉の茶 525ml,茶・ハーブ,/drinks/dydo-hanocha-525.webp,葉の茶の大きなボトルを、小さいほうじ茶より手前に。,緑のキャップに黄緑のラベル、525mlペットボトル。,525mlペット。静岡の煎茶と、国産の抹茶。,煎茶と抹茶を合わせた緑茶。,https://www.dydo.co.jp/products/detail/1234/,,,,https://www.askul.co.jp/p/UK08588/,1
dydo-hanocha-280,ダイドー 葉の茶 280ml,茶・ハーブ,/drinks/dydo-hanocha-280.webp,葉の茶の280mlは、大きいボトルとは別に置いて。,緑のキャップに深緑のラベル、280mlの小さなペットボトル。,280mlペット。国産の緑茶。525mlとは容量が違う。,緑茶です。,https://www.dydo.co.jp/products/detail/1235/,,,,https://www.tanomail.com/product/9638345/,1
dydo-jasmine-525,ダイドー ジャスミン茶 525ml,茶・ハーブ,/drinks/dydo-jasmine-525.webp,ジャスミン茶のボトルを、緑茶の列の端に。,白いキャップに水色のラベル、黄色っぽい中身の525mlペットボトル。,525mlペット。ジャスミン茶。中国。,ジャスミン茶です。,https://www.dydo.co.jp/products/detail/1237/,,,,https://www.misono-s.jp/SHOP/b70-57.html,1
dydo-hatomugi-500,肌美精企画監修 はとむぎブレンド茶 500ml,茶・ハーブ,/drinks/dydo-hatomugi-500.webp,はとむぎのブレンド茶は、麦茶の隣ではなくお茶のうしろに。,白いキャップ、琥珀色の中身の500mlペットボトル。,500mlペット。はとむぎ、烏龍茶、緑茶、大麦、レモン果皮。,はとむぎとお茶を合わせたブレンド茶。,https://www.dydo.co.jp/products/detail/1226/,,https://item.rakuten.co.jp/rakuten24/4904910096602/,,https://www.yodobashi.com/product/100000001008015606/,1
dydo-rilakkuma-cha,リラックマの緑茶 500ml,茶・ハーブ,/drinks/dydo-rilakkuma-cha.webp,クマの緑茶を、無地のお茶から少しずらして。,白いキャップにベージュのラベル、クマの顔の500mlペットボトル。,500mlペット。国産の緑茶。,緑茶です。,https://www.dydo.co.jp/products/detail/1145/,,https://item.rakuten.co.jp/drink-market/b70-288/,,https://www.askul.co.jp/p/X611854/,1
dydo-houji-280,ダイドー ほうじ茶 280ml,茶・ハーブ,/drinks/dydo-houji-280.webp,ほうじ茶の小さいボトルを、緑茶の手前に。,白いキャップに茶色のラベル、280mlペットボトル。,280mlペット。国産の緑茶。,ほうじ茶です。,https://www.dydo.co.jp/products/detail/1250/,https://www.amazon.co.jp/dp/B0G5BJ29XJ,,,,1
sangaria-midori-600,みどりのお茶 600ml,茶・ハーブ,/drinks/sangaria-midori-600.webp,みどりのお茶を、ほうじ茶の反対側に。,緑のラベルの600mlペットボトル。,600mlペット。国産の緑茶。ビタミンC。,緑茶です。,https://sangaria.co.jp/products/midorino-ocha/,https://www.amazon.co.jp/dp/B0FPCLXPWW,,,,1
dydo-mistio-grape,ミスティオ 丸搾りグレープスパークリング 500ml,ぶどう・ベリー,/drinks/dydo-mistio-grape.webp,紫のグレープスパークリングを、白ぶどうジュースの前に。,白いキャップに、ぶどうの絵の紫のラベル。500mlペットボトルです。,500mlペット。ぶどう果汁、グレープエキス、炭酸。,ぶどう果汁の炭酸。甘さと酸味が続きます。,https://www.dydo.co.jp/products/detail/912/,,https://item.rakuten.co.jp/ju-suya/10000195/,,https://store.shopping.yahoo.co.jp/plusin/10000195.html,1
dydo-gyugyutto-grape,ぎゅぎゅっと！白ぶどう 280ml,ぶどう・ベリー,/drinks/dydo-gyugyutto-grape.webp,白ぶどうの小さいボトルは、炭酸のぶどうとは棚を分けて。,緑のキャップに、白ぶどうの絵の黄緑のラベル。280mlペットボトルです。,280mlペット。ぶどうとぶどうエキス。炭酸はない。,白ぶどうの果汁ドリンク。炭酸は入っていません。,https://www.dydo.co.jp/products/detail/1181/,,https://item.rakuten.co.jp/misono-support/b70-376/,,https://www.misono-s.jp/SHOP/b70-376.html,1
dydo-berry-water,ダイドー×ロート ベリーウォーター 350ml,ぶどう・ベリー,/drinks/dydo-berry-water.webp,ベリーウォーターを、赤いジュースの端に。,白いキャップに紫のラベル、350mlペットボトル。,350mlペット。ブルーベリー果汁。炭酸はない。,ブルーベリー果汁のドリンク。炭酸は入っていません。,https://www.dydo.co.jp/products/detail/1177/,,,,https://www.tanomail.com/product/9638352/,1
hata-soda-grape,HATASODA グレープ味 500g,ぶどう・ベリー,/drinks/hata-soda-grape.webp,グレープのボトル缶は、瓶ラムネのぶどうから離して。,桜と富士山のラベルの500gボトル缶。中身は透明です。,500gボトル缶。グレープ味。,グレープ味の炭酸。甘さはほどほどです。,https://www.hata-kosen.co.jp/publics/index/16/detail=1/b_id=154/r_id=200/,,,https://www.hata-kosen.jp/p/item-detail/detail/i127.html,,1
kagome-berry-200,野菜生活100 ベリーサラダ リーフパック 200ml,ぶどう・ベリー,/drinks/kagome-berry-200.webp,ベリーサラダの紙パックを、缶の野菜ジュースより手前に。,ぶどうとベリーの絵の紫の200ml紙パック。,200ml紙パック。野菜と、りんご、ぶどう、レモン、ブルーベリー、ラズベリー、クランベリー。,野菜と果物を合わせたドリンク。,https://www.kagome.co.jp/products/drink/A7298/,https://www.amazon.co.jp/dp/B016M6K17C,,,,1
snow-ichigo-ole,いちごオ・レ 200ml,ぶどう・ベリー,/drinks/snow-ichigo-ole.webp,いちごオ・レの紙パックは、いちごジュースではなくミルクの側に。,いちごの絵のピンクの200ml紙パック。,200ml紙パック。乳製品といちご果汁。,いちごとミルクを合わせたドリンク。,https://www.meg-snow.com/products/detail.php?p=1295,https://www.amazon.co.jp/dp/B00ZQFVKTY,https://item.rakuten.co.jp/drink-market/b199-39-2/,,,1
hata-aiba,ハタ瓶ラムネ 藍葉あい 200ml,ぶどう・ベリー,/drinks/hata-aiba.webp,藍葉あいの瓶は、無地のブルーベリーラムネとは別に。,ビー玉入りの200mlガラス瓶。紫のラベルにキャラクター、中身は青です。,200ml瓶。ブルーベリー味。キャラクターは藍葉あい。,ブルーベリー味の瓶ラムネ。,https://www.hata-kosen.co.jp/publics/index/9/detail=1/b_id=150/r_id=223/,,,https://www.hata-kosen.jp/p/item-detail/detail/i111.html,,1
hata-suzaku,ハタ瓶ラムネ 朱雀いちご 200ml,ぶどう・ベリー,/drinks/hata-suzaku.webp,朱雀いちごの瓶は、同じ味の無地の瓶から少しずらして。,ビー玉入りの200mlガラス瓶。赤いラベルにキャラクター、中身はピンクです。,200ml瓶。イチゴ味。キャラクターは朱雀いちご。,イチゴ味の瓶ラムネ。,https://www.hata-kosen.co.jp/publics/index/9/detail=1/b_id=150/r_id=218/,,,https://www.hata-kosen.jp/p/item-detail/detail/i102.html,,1
kimura-curry-ramune,カレーラムネ 200ml,クラフト・瓶もの,/drinks/kimura-curry-ramune.webp,カレーラムネの黄色い瓶を、透明なラムネの手前に。,黒いキャップに黄色いラベルの200mlガラス瓶。,200ml瓶。カレー風味のラムネ。,スパイシーな香りのラムネ。炭酸が抜けにくい瓶に入っています。,https://www.kimura-drink.net/products/ramune/curry_ramune/,,,https://www.kimura-drink.co.jp/cgi-bin/personal/shop/shohin_detail.cgi?shohin_cd=SKA313N,,1
kimura-biidama,ビーダマンラムネ 200ml,クラフト・瓶もの,/drinks/kimura-biidama.webp,ビーダマンの透明な瓶を、色つきラムネのうしろに。,透明な中身の200mlガラス瓶。キャップにビーダマンがついています。,200ml瓶。定番のラムネ。,ビー玉入りの、定番の味のラムネ。,https://www.kimura-drink.net/products/ramune/biidaman_ramune/,,,https://www.kimura-drink.co.jp/cgi-bin/personal/shop/shohin_detail.cgi?shohin_cd=SKA321A,,1
kimura-miso-cola,岡崎味噌コーラ 240ml,クラフト・瓶もの,/drinks/kimura-miso-cola.webp,味噌コーラの暗い色の瓶は、赤いコーラから離して。,赤いキャップに暗い茶色の中身、240mlガラス瓶。,240ml瓶。八丁味噌を使ったコーラ。,コーラのあとに、味噌の風味が残ります。,https://www.kimura-drink.net/products/cola/okazaki_miso-cola/,,,https://www.kimura-drink.co.jp/cgi-bin/personal/shop/shohin_detail.cgi?shohin_cd=SKA483H,,1
kimura-chibimaru,ちびまる子ちゃんさくらコーラ 240ml,クラフト・瓶もの,/drinks/kimura-chibimaru.webp,ちびまる子ちゃんのさくらの瓶は、無地のさくらコーラとは別に。,赤いキャップにピンクの中身、240mlガラス瓶。ラベルには富士山と桜です。,240ml瓶。桜の花エキスを使ったコーラ。,炭酸のあとに、桜の香りがふわっと抜けます。,https://www.kimura-drink.net/products/cola/chibimaru_sakura-cola/,,,https://www.kimura-drink.co.jp/cgi-bin/personal/shop/shohin_detail.cgi?shohin_cd=SKA483SM,,1
kimura-sakura-cola,さくらコーラ 240ml,クラフト・瓶もの,/drinks/kimura-sakura-cola.webp,さくらコーラの瓶を、暗い色のコーラの手前に。,赤いキャップにピンクの中身、240mlガラス瓶。,240ml瓶。桜のコーラ。,炭酸のあとに、桜の香りが残ります。,https://www.kimura-drink.net/products/cola/sakura-cola/,,,https://www.kimura-drink.co.jp/cgi-bin/personal/shop/shohin_detail.cgi?shohin_cd=SKA483S,,1
hata-cream-soda,ハタ クリームソーダ 180ml,クラフト・瓶もの,/drinks/hata-cream-soda.webp,クリームソーダの小さな瓶を、メロンソーダの缶より手前に。,銀のキャップに緑のラベル、180mlガラス瓶。,180ml瓶。クリームソーダ。,小さなガラス瓶のクリームソーダ。,https://www.hata-kosen.co.jp/publics/index/16/detail=1/b_id=154/r_id=5/,,,https://www.hata-kosen.jp/p/item-detail/detail/i71.html,,1
hata-blue-cola,ハタ 青い方のコーラ味ラムネ 200ml,クラフト・瓶もの,/drinks/hata-blue-cola.webp,青いコーララムネを、透明なラムネの隣に。,ビー玉入りの200mlガラス瓶。紺のラベルに暗い茶色の中身です。,200ml瓶。コーラ味のラムネ。,コーラ味のラムネ。,https://www.hata-kosen.co.jp/publics/index/9/detail=1/b_id=150/r_id=42/,,,https://www.hata-kosen.jp/p/item-detail/detail/i48.html,,1
hata-mango-soda,HATASODA マンゴーソーダ 300ml,クラフト・瓶もの,/drinks/hata-mango-soda.webp,マンゴーソーダの丸い瓶は、マンゴージュースから離して。,緑のキャップに橙色のラベル、300mlガラス瓶。,300ml瓶。マンゴー味のソーダ。,マンゴー味の炭酸。果汁は入っていません。,https://www.hata-kosen.co.jp/publics/index/16/detail=1/b_id=154/r_id=203/,,,https://www.hata-kosen.jp/p/item-detail/detail/i128.html,,1
dydo-energy-gym,エナジージム 250ml,缶・パーティー向き,/drinks/dydo-energy-gym.webp,エナジージムの細い缶を、甘い炭酸の端に。,赤と金の、250mlの細い缶。,250ml缶。糖類、食塩、炭酸。ビタミンとアミノ酸。,カフェイン入りの炭酸エナジードリンク。,https://www.dydo.co.jp/products/detail/1128/,https://www.amazon.co.jp/dp/B0HJFG88LK,,,,1
dydo-chocola-light,チョコラBB スパークリングライト 260ml,缶・パーティー向き,/drinks/dydo-chocola-light.webp,チョコラBBの小さな炭酸を、大きいボトルの手前に。,黄緑のキャップにピンクのラベル、260mlの小さなペットボトル。,260mlペット。砂糖、炭酸、ビタミンC、ナイアシン、ビタミンB。,グレープフルーツとピーチ味の炭酸。果汁は入っていません。,https://www.dydo.co.jp/products/detail/1227/,,,,https://wowma.jp/item/778115343,1
hata-soda-suika,HATASODA スイカ味 500g,缶・パーティー向き,/drinks/hata-soda-suika.webp,スイカのボトル缶は、瓶ラムネのスイカとは別に。,桜と富士山のラベルの500gボトル缶。中身は透明です。,500gボトル缶。スイカ味。,スイカ味の炭酸。甘さはほどほどです。,https://www.hata-kosen.co.jp/publics/index/16/detail=1/b_id=154/r_id=210/,,,https://www.hata-kosen.jp/p/item-detail/detail/i123.html,,1
hata-soda-lychee,HATASODA ライチ味 500g,缶・パーティー向き,/drinks/hata-soda-lychee.webp,ライチのボトル缶は、塩ライチのボトルから少しずらして。,桜と富士山のラベルの500gボトル缶。中身は透明です。,500gボトル缶。ライチ味。,ライチ味の炭酸。甘さはほどほどです。,https://www.hata-kosen.co.jp/publics/index/16/detail=1/b_id=154/r_id=209/,,,https://www.hata-kosen.jp/p/item-detail/detail/i121.html,,1
hata-soda-ramune,HATASODA ラムネ味 500g,缶・パーティー向き,/drinks/hata-soda-ramune.webp,ラムネ味のボトル缶は、ガラスのビー玉瓶とは棚を分けて。,青と桜のラベルの500gボトル缶。中身は透明です。,500gボトル缶。ラムネ味。,ラムネ味の炭酸。甘さはほどほどです。,https://www.hata-kosen.co.jp/publics/index/16/detail=1/b_id=154/r_id=199/,,https://item.rakuten.co.jp/japan-ds/h-024-4902494200125/,https://www.hata-kosen.jp/p/item-detail/detail/i122.html,,1
hata-tako-ramune,ハタ たこ焼風ラムネ 250ml,缶・パーティー向き,/drinks/hata-tako-ramune.webp,たこ焼き風のラムネを、甘いラムネの反対側に。話のネタにどうぞ。,黄色い中身の250mlペットボトルラムネ。ラベルにたこ焼きの絵です。,250mlペット。たこ焼き風味。,たこ焼き風味のラムネ。,https://www.hata-kosen.co.jp/publics/index/9/detail=1/b_id=150/r_id=9/,,,,,0
hata-kimchi-ramune,ハタ キムチ風ラムネ 250ml,缶・パーティー向き,/drinks/hata-kimchi-ramune.webp,キムチ風の赤いラムネを、色の薄い炭酸の手前に。,赤い中身の250mlペットボトルラムネ。,250mlペット。キムチ風。,ピリ辛のキムチ風ラムネ。,https://www.hata-kosen.co.jp/publics/index/9/detail=1/b_id=150/r_id=8/,,,,,0
hata-soda-hakuto,HATASODA 白桃 500g,缶・パーティー向き,/drinks/hata-soda-hakuto.webp,白桃のボトル缶は、瓶ラムネの白桃から離して。,桜と富士山のラベルの500gボトル缶。中身は透明です。,500gボトル缶。白桃味。瓶ラムネの200mlとは容器が違う。,白桃味の炭酸。甘さはほどほどです。,https://www.hata-kosen.co.jp/publics/index/16/detail=1/b_id=154/r_id=201/,,,https://www.hata-kosen.jp/p/item-detail/detail/i120.html,,1
fanta-orange-500,ファンタ オレンジ 500ml,柑橘・炭酸,/drinks/fanta-orange-500.webp,オレンジ色の炭酸を、お昼のテーブルの真ん中に一本。,白いキャップとオレンジ色のファンタのラベル、透明なペットボトル。,500mlペット。炭酸飲料。,ポップなオレンジ味で、後味すっきり。,https://www.coca-cola.com/jp/ja/brands/fanta/products,https://www.amazon.co.jp/dp/B001SES0EU,,,https://www.askul.co.jp/p/AH95089/,1
sprite-500,スプライト 470ml,柑橘・炭酸,/drinks/sprite-500.webp,レモンライムの炭酸を、料理の横にすっと。,緑のロゴと白いキャップの、透明なペットボトル。,470mlペット。炭酸飲料。,甘さ控えめの、キレのあるレモンライム味。,https://www.coca-cola.com/jp/ja/brands/sprite,https://www.amazon.co.jp/dp/B01DLDSIOM,,,https://www.askul.co.jp/p/RH60276/,1
fanta-citrus-mellow-yellow-500,ファンタ シトラス＆メローイエロー 500ml,柑橘・炭酸,/drinks/fanta-citrus-mellow-yellow-500.webp,黄色い柑橘の炭酸を、気軽な集まりの手元に。,黄色と緑のラベルに、レモン色の中身。透明なペットボトルです。,500mlペット。炭酸飲料。,メローイエローの柑橘の甘さに、シトラスの香り。,https://www.coca-cola.com/jp/ja/brands/fanta/products,,,,,0
fanta-ambasa-mellow-yellow-500,ファンタ アンバサ×メローイエロー ミックス 500ml,柑橘・炭酸,/drinks/fanta-ambasa-mellow-yellow-500.webp,白いラベルの炭酸を、甘いものが並ぶおやつの時間に。,白地に青と黄色のグラフィック、透明なペットボトル。,500mlペット。炭酸飲料。,乳性飲料のまろやかさに、メローイエローの柑橘風味。,https://www.coca-cola.com/jp/ja/brands/fanta/products,,,,,0
minute-maid-zero-sugar-lemonade,ミニッツメイド ゼロシュガー レモネード 600ml,柑橘・炭酸,/drinks/minute-maid-zero-sugar-lemonade.webp,すっきりしたレモンの一本を、午後の休憩に。,黄色いラベルにレモンのイラスト、透明なペットボトル。,600mlペット。清涼飲料水。,砂糖不使用で、レモンの味がしっかり。,https://www.coca-cola.com/jp/ja/brands/minute-maid/products,,https://item.rakuten.co.jp/soukaidrink/4902102157193/,,https://www.askul.co.jp/p/UN12754/,1
minute-maid-zero-sugar-peach-lemonade,ミニッツメイド ゼロシュガー ピーチレモネード 600ml,柑橘・炭酸,/drinks/minute-maid-zero-sugar-peach-lemonade.webp,桃とレモンの軽い一本を、午後のテーブルに。,桃色のラベルに桃とレモンの絵、透明なペットボトル。,600mlペット。清涼飲料水。,熟した桃のやさしい甘さに、丸しぼりレモンの後味。,https://www.coca-cola.com/jp/ja/brands/minute-maid/products,,,,https://www.misono-s.jp/SHOP/b16-962.html,1
qoo-mikan-425,ミニッツメイド ぷるんぷるんQoo みかん 125g,果汁・ネクター,/drinks/qoo-mikan-425.webp,みかん色の小さなパウチを、冷やしてデザートの近くに。,Qooのキャラクターとみかんのイラストの、オレンジ色のパウチ。,125gパウチ。,ぷるんとした食感に、甘いみかん味。,https://www.coca-cola.com/jp/ja/brands/qoo/products,,,,https://www.tanomail.com/product/7674372/,1
minute-maid-yuzu-honey,ミニッツメイド はちみつゆず 280ml,柑橘・炭酸,/drinks/minute-maid-yuzu-honey.webp,ゆずの香りの一本を、食後にそっと。,黄色いラベルにゆずの実の、透明な小型ボトル。,280mlペット。果汁飲料。,国産ゆず果汁とはちみつで、ほんのり甘い味。,https://www.coca-cola.com/jp/ja/brands/minute-maid/products,,,,https://www.askul.co.jp/p/AX76314/,1
qoo-apple-425,ミニッツメイド ぷるんぷるんQoo りんご 125g,果汁・ネクター,/drinks/qoo-apple-425.webp,りんごの小さなパウチを、お昼のデザートの近くに。,りんごのイラストとQooのキャラクターの、黄緑色のパウチ。,125gパウチ。,ぷるんとした食感に、りんごのやさしい甘さ。,https://www.coca-cola.com/jp/ja/brands/qoo/products,,https://item.rakuten.co.jp/aburajinbeverage/qoo-ringo125s/,,,1
qoo-peach-jelly,ミニッツメイド ぷるんぷるんQoo もも 125g,果汁・ネクター,/drinks/qoo-peach-jelly.webp,桃の小さなパウチを、冷やしてデザートの近くに。,Qooのキャラクターと桃のイラストの、桃色のパウチ。,125gパウチ。,ぷるんとした食感に、まろやかな桃の甘さ。,https://www.coca-cola.com/jp/ja/brands/qoo/products,,https://item.rakuten.co.jp/drink-market/b16-862-2/,,,1
minute-maid-orange-blend,ミニッツメイド オレンジブレンド マルチビタミン 280ml,果汁・ネクター,/drinks/minute-maid-orange-blend.webp,オレンジ色のジュースを、朝のテーブルに。,黒いラベルにオレンジの絵、透明なペットボトル。,280mlペット。果汁飲料。,オレンジ中心の、すっきりした果物の味。,https://www.coca-cola.com/jp/ja/brands/minute-maid/products,,,,https://www.tanomail.com/product/9608478/,1
minute-maid-smoothie-mango,ミニッツメイド スムージー プロテイン マンゴー 330ml,果汁・ネクター,/drinks/minute-maid-smoothie-mango.webp,マンゴー色のスムージーを、軽食の横に一本。,緑のラベルにマンゴーの果肉の絵、小型のペットボトル。,330mlペット。,マンゴーの濃い甘さで、なめらかな口当たり。,https://www.coca-cola.com/jp/ja/brands/minute-maid/products,,,,,0
minute-maid-morning-banana,ミニッツメイド 朝バナナ 180g,果汁・ネクター,/drinks/minute-maid-morning-banana.webp,朝の支度中に、黄色い小袋をさっと手元に。,バナナのイラストに緑のアクセントの、黄色いパウチ。,180gパウチ。,まろやかなバナナの甘さ。,https://www.coca-cola.com/jp/ja/brands/minute-maid/products,,,,https://anamall.ana.co.jp/shop/g/g0082-f16-147/,1
minute-maid-morning-apple,ミニッツメイド 朝りんご 180g,果汁・ネクター,/drinks/minute-maid-morning-apple.webp,りんごの小袋を、朝ごはんの横にすっと。,りんごのイラストと緑のキャップの、赤いパウチ。,180gパウチ。,りんごの自然な甘さと果物らしさ。,https://www.coca-cola.com/jp/ja/brands/minute-maid/products,,,,https://www.tanomail.com/product/7698552/,1
minute-maid-morning-mango,ミニッツメイド 朝マンゴ 180g,果汁・ネクター,/drinks/minute-maid-morning-mango.webp,マンゴーの小袋を、朝の軽食に添えて。,マンゴーのイラストの、オレンジ色のパウチ。,180gパウチ。,マンゴーの甘さを手軽に。,https://www.coca-cola.com/jp/ja/brands/minute-maid/products,,,,https://www.askul.co.jp/p/1795508/,1
ayataka-650,綾鷹 650ml,茶・ハーブ,/drinks/ayataka-650.webp,急須で淹れたような緑茶を、食事の横に一本。,綾鷹の縦書きラベルの、緑のペットボトル。,650mlペット。,うまみがしっかりあって、後味は軽やかな緑茶。,https://www.coca-cola.com/jp/ja/brands/ayataka/products,,,,https://www.seims.co.jp/shop/g/g4902102154826/,1
ayataka-mineral-greentea-650,綾鷹 ミネラル緑茶 650ml,茶・ハーブ,/drinks/ayataka-mineral-greentea-650.webp,すっきりした緑茶を、暑い日の手元に。,白と水色のラベルに、緑茶色のボトル。,650mlペット。,すっきり澄んだ、軽やかな緑茶。,https://www.coca-cola.com/jp/ja/brands/ayataka/products,https://www.amazon.co.jp/dp/B0GW8NXSL9,,,,1
ayataka-koi-houjicha-525,綾鷹 濃いほうじ茶 525ml,茶・ハーブ,/drinks/ayataka-koi-houjicha-525.webp,香ばしいほうじ茶を、焼き菓子の隣に。,橙色の綾鷹ラベルの、茶色のペットボトル。,525mlペット。,ほうじ茶の香ばしさと、濃いめの余韻。,https://www.coca-cola.com/jp/ja/brands/ayataka/products,,,,,0
ayataka-kuro-mame-houjicha-525,綾鷹 黒豆ほうじ茶 525ml,茶・ハーブ,/drinks/ayataka-kuro-mame-houjicha-525.webp,黒豆の香るお茶を、午後の休憩に。,黒豆の絵のラベルの、濃い緑色のペットボトル。,525mlペット。,黒豆の甘い香ばしさと、まろやかなほうじ茶。,https://www.coca-cola.com/jp/ja/brands/ayataka/products,,,,https://www.askul.co.jp/p/J478362/,1
ayataka-koi-greentea-525,綾鷹 濃い緑茶 525ml,茶・ハーブ,/drinks/ayataka-koi-greentea-525.webp,濃い緑茶を、料理の邪魔にならない位置に。,金文字のラベルの、黒に近い緑のペットボトル。,525mlペット。,茶葉の濃さとうまみを感じる緑茶。,https://www.coca-cola.com/jp/ja/brands/ayataka/products,,,,https://www.yodobashi.com/product/100000001007599788/,1
ayataka-cafe-matcha-latte-440,綾鷹カフェ 濃い抹茶ラテ 440ml,茶・ハーブ,/drinks/ayataka-cafe-matcha-latte-440.webp,抹茶ラテを、おやつといっしょに午後のテーブルへ。,抹茶の葉の絵のラベルの、緑の小型ペットボトル。,440mlペット。,国産抹茶のほろ苦さに、まろやかなミルク。,https://www.coca-cola.com/jp/ja/brands/ayataka/products,https://www.amazon.co.jp/dp/B0DVCHVKKB,https://item.rakuten.co.jp/hokkkaido/ayacfma44p-2/,,https://www.askul.co.jp/p/XH79407/,1
yakan-mugicha-650,やかんの麦茶 from 爽健美茶 650ml,茶・ハーブ,/drinks/yakan-mugicha-650.webp,香ばしい麦茶を、外での休憩に一本。,青い帯にやかんの麦茶の文字、茶色のペットボトル。,650mlペット。,六条大麦の香ばしさで、後味すっきり。,https://www.coca-cola.com/jp/ja/brands/yakan/products,https://www.amazon.co.jp/dp/B0H252C26H,https://item.rakuten.co.jp/ccsz/065-0000-22159/,,https://www.tanomail.com/product/9628023/,1
fanta-grape-500,ファンタ グレープ 500ml,ぶどう・ベリー,/drinks/fanta-grape-500.webp,ぶどう色の炭酸を、おしゃべりの弾むテーブルの端に。,紫色の中身にファンタのラベル、透明なペットボトル。,500mlペット。炭酸飲料。,華やかなぶどう味の、はじける甘さ。,https://www.coca-cola.com/jp/ja/brands/fanta/products,https://www.amazon.co.jp/dp/B001SES0FO,https://item.rakuten.co.jp/aburajin/fanta-grape500xb/,,https://store.shopping.yahoo.co.jp/dd-drink/fanta-grape-500-1c-4902102076586.html,1
fanta-whitegrape-500,ファンタ ホワイトグレープ＆アンバサ 500ml,ぶどう・ベリー,/drinks/fanta-whitegrape-500.webp,白ぶどう色の一本を、軽いおやつの横に。,白と青のラベルの、透明なペットボトル。,500mlペット。炭酸飲料。,乳性のまろやかさに、ホワイトグレープの香り。,https://www.coca-cola.com/jp/ja/brands/fanta/products,https://www.amazon.co.jp/dp/B0FD8F1XNL,,,,1
qoo-whitegrape-425,ミニッツメイド Qoo 白ぶどう 425ml,ぶどう・ベリー,/drinks/qoo-whitegrape-425.webp,白ぶどうのジュースを、お昼の手元に。,黄緑色のQooラベルの、透明なペットボトル。,425mlペット。果汁飲料。,白ぶどうのやさしい甘さと果物らしさ。,https://www.coca-cola.com/jp/ja/brands/qoo/products,https://www.amazon.co.jp/dp/B0CT7C6DM2,https://item.rakuten.co.jp/aburajin/qoo-shirobudo425/,,https://store.shopping.yahoo.co.jp/wtpkikaku/minute-maid-fruits-qoo-sirobudo-425-1c.html,1
qoo-grape-jelly,ミニッツメイド ぷるんぷるんQoo ぶどう 125g,ぶどう・ベリー,/drinks/qoo-grape-jelly.webp,ぶどう色の小さなパウチを、デザートの近くに。,ぶどうのイラストとQooのキャラクターの、紫色のパウチ。,125gパウチ。,ぷるんとした食感に、濃いぶどう味。,https://www.coca-cola.com/jp/ja/brands/qoo/products,https://www.amazon.co.jp/dp/B076BJ3BKD,https://item.rakuten.co.jp/psj1/4902102100526/,,https://www.tanomail.com/product/7674365/,1
qoo-muscat-jelly,ミニッツメイド ぷるんぷるんQoo マスカット 125g,ぶどう・ベリー,/drinks/qoo-muscat-jelly.webp,マスカット色のパウチを、冷たいおやつとして並べて。,マスカットのイラストの、黄緑色のパウチ。,125gパウチ。,マスカットの香りに、すっきりした甘さ。,https://www.coca-cola.com/jp/ja/brands/qoo/products,https://www.amazon.co.jp/dp/B076BP1N74,https://item.rakuten.co.jp/psj1/80-40-58-19-3-omk/,,https://store.shopping.yahoo.co.jp/softdrink/ccw-4902102100458.html,1
minute-maid-grape-blend,ミニッツメイド グレープブレンド 鉄分 280ml,ぶどう・ベリー,/drinks/minute-maid-grape-blend.webp,紫のジュースを、午後の軽食といっしょに。,黒いラベルに紫のぶどう、透明なペットボトル。,280mlペット。果汁飲料。,ぶどうの甘酸っぱさを感じるジュース。,https://www.coca-cola.com/jp/ja/brands/minute-maid/products,,https://item.rakuten.co.jp/aburatorisenzai/53495-0000/,,https://store.shopping.yahoo.co.jp/hc7/4902102152037.html,1
minute-maid-aloe-whitegrape,ミニッツメイド アロエ＆白ぶどう 280ml,ぶどう・ベリー,/drinks/minute-maid-aloe-whitegrape.webp,白ぶどうの小さなボトルを、午後のテーブルに冷やして。,緑のラベルにアロエと白ぶどう、透明なペットボトル。,280ml缶ペット。果汁飲料。,アロエ葉肉のぷるぷる感と、すっきりした白ぶどう。,https://www.coca-cola.com/jp/ja/brands/minute-maid/products,https://www.amazon.co.jp/dp/B0019M3WWQ,,,,1
tomomasu-kinen-soda-330,キネンソーダ サイダー 330ml,クラフト・瓶もの,/drinks/tomomasu-kinen-soda-330.webp,オリジナルラベルの瓶を、記念日のテーブルの目立つところに。,青い帯のオリジナルラベルと王冠の、透明な瓶。,330ml瓶。炭酸飲料。,すっきりした甘さの、昔ながらのサイダー。,https://store.tomomasu.co.jp/products/kinen_regular,,,https://store.tomomasu.co.jp/products/kinen_regular,,1
tomomasu-kinen-mini-soda-95,キネンソーダ ミニサイダー 95ml,クラフト・瓶もの,/drinks/tomomasu-kinen-mini-soda-95.webp,小さな瓶を、乾杯の前に配りやすいところに並べて。,黄色いオリジナルラベルと王冠の、小さな透明瓶。,95ml瓶。炭酸飲料。,ひと口サイズの、軽い甘さのサイダー。,https://store.tomomasu.co.jp/products/kinen_mini,,,https://store.tomomasu.co.jp/products/kinen_mini,,1
tomomasu-kinen-ramune-200,キネンソーダ ラムネ 200ml,クラフト・瓶もの,/drinks/tomomasu-kinen-ramune-200.webp,ビー玉瓶のラムネを、夏の集まりのテーブルに一本。,青い王冠と黄色いオリジナルラベルの、細身の透明瓶。,200ml瓶。炭酸飲料。,ラムネらしいさわやかな甘さと炭酸。,https://store.tomomasu.co.jp/products/kinen_ramune,,,https://store.tomomasu.co.jp/products/kinen_ramune,,1
coca-cola-500,コカ・コーラ 500ml,缶・パーティー向き,/drinks/coca-cola-500.webp,赤いラベルの定番を、人数ぶん取りやすいテーブルの端に。,赤いラベルに白いロゴ、透明なペットボトル。,500mlペット。炭酸飲料。,コーラのコクと、さわやかな炭酸。,https://www.coca-cola.com/jp/ja/brands/coca-cola/products,https://www.amazon.co.jp/dp/B004Y9IXZW,,,,1
coca-cola-zero-500,コカ・コーラ ゼロ 500ml,缶・パーティー向き,/drinks/coca-cola-zero-500.webp,黒いラベルのすっきりした一本を、食事のそばに。,黒いラベルに赤いロゴ、透明なペットボトル。,500mlペット。炭酸飲料。,コーラの風味を、軽い後味で。,https://www.coca-cola.com/jp/ja/brands/coca-cola/products,https://www.amazon.co.jp/dp/B004Y9IZDC,https://item.rakuten.co.jp/rakuten24/c010279458038/,,,1
coca-cola-zero-caffeine-500,コカ・コーラ ゼロカフェイン 500ml,缶・パーティー向き,/drinks/coca-cola-zero-caffeine-500.webp,夜の集まりでも気軽に手に取れるように、赤いキャップの一本を。,ゼロカフェインと書かれた赤いラベルの、透明なペットボトル。,500mlペット。炭酸飲料。,コーラの風味で、すっきりした飲み口。,https://www.coca-cola.com/jp/ja/brands/coca-cola/products,https://www.amazon.co.jp/dp/B01N9X0JGI,https://item.rakuten.co.jp/hokkkaido/kozcf50p-2/,,https://www.askul.co.jp/p/AH94895/,1
qoo-orange-party-425,ミニッツメイド Qoo オレンジ 425ml,缶・パーティー向き,/drinks/qoo-orange-party-425.webp,オレンジ色のボトルを、大人数のテーブルでも取りやすいところに。,オレンジ色のQooラベルの、透明なペットボトル。,425mlペット。果汁飲料。,オレンジの甘さに、ほどよい酸味。,https://www.coca-cola.com/jp/ja/brands/qoo/products,https://www.amazon.co.jp/dp/B0BVDMCFH7,,,https://www.tanomail.com/product/9611391/,1
qoo-apple-party-425,ミニッツメイド Qoo りんご 425ml（別デザイン）,缶・パーティー向き,/drinks/qoo-apple-party-425.webp,黄色いラベルのジュースを、軽食の並ぶところに。,黄色と緑のQooラベルの、透明なペットボトル。,425mlペット。果汁飲料。,りんごのやわらかな甘さと果物らしさ。,https://www.coca-cola.com/jp/ja/brands/qoo/products,https://www.amazon.co.jp/dp/B0BVDKX5JJ,https://item.rakuten.co.jp/aburajin/qoo-ringo470/,,https://www.askul.co.jp/p/X556450/,1
ayataka-bancha-650,綾鷹 番茶 650ml,缶・パーティー向き,/drinks/ayataka-bancha-650.webp,番茶の大きめのボトルを、料理を取り分けるテーブルに。,橙色の綾鷹ラベルの、茶色のペットボトル。,650mlペット。,香ばしくて、食事に合わせやすい番茶。,https://www.coca-cola.com/jp/ja/brands/ayataka/products,https://www.amazon.co.jp/dp/B0F122DNZV,https://item.rakuten.co.jp/hokkkaido/ayaban65p-2/,,https://store.shopping.yahoo.co.jp/hokkkaido/ayaban65p-2.html,1
yakan-mugicha-hot-275,やかんの麦茶 from 爽健美茶 ホット 275ml,缶・パーティー向き,/drinks/yakan-mugicha-hot-275.webp,小さめの麦茶を、休憩のテーブルに。,青い帯のラベルの、茶色の小型ペットボトル。,275mlペット。,香ばしい、しっかりした味の麦茶。,https://www.coca-cola.com/jp/ja/brands/yakan/products,,,,,0
yakan-mugicha-koi-650,やかんの麦茶 濃い味 650ml,缶・パーティー向き,/drinks/yakan-mugicha-koi-650.webp,濃い麦茶のボトルを、食事の合間に取りやすく。,濃紺の帯とやかんのイラストの、茶色のペットボトル。,650mlペット。,大麦の香ばしさが濃いめで、後味はすっきり。,https://www.coca-cola.com/jp/ja/brands/yakan/products,,,,,0
kochakaden-royal-milk-tea-500,紅茶花伝 ロイヤルミルクティー 440ml,缶・パーティー向き,/drinks/kochakaden-royal-milk-tea-500.webp,ミルクティーの小さなボトルを、焼き菓子のあるテーブルに。,紫色の紅茶花伝ラベルの、透明なペットボトル。,440mlペット。,紅茶の香りとミルクのコクで、まろやかな味。,https://www.coca-cola.com/jp/ja/brands/kochakaden/products,https://www.amazon.co.jp/dp/B07WHK39HN,https://item.rakuten.co.jp/negaigoto/20260718162253_143/,,https://www.tanomail.com/product/9601538/,1
kirin-lemon-500,キリンレモン 500ml,柑橘・炭酸,/drinks/kirin-lemon-500.webp,黄色いラベルの炭酸を、お昼のテーブルの端に一本。,青いキャップに黄色いレモン形のラベル、透明なペットボトル。,500mlペット。炭酸飲料。無果汁。,切りたてのレモンのような味。甘さがあって、後味すっきり。,https://products.kirin.co.jp/softdrink/softdrink/detail.html?id=6890,https://www.amazon.co.jp/dp/B0BVMHY73H,https://item.rakuten.co.jp/aburajin/kirinlemon500/,,,1
kirin-lemon-soda-500,キリンレモン 炭酸水 500ml,柑橘・炭酸,/drinks/kirin-lemon-soda-500.webp,無糖の炭酸を、食事の横に。,青いキャップに黄色と水色のラベル、無糖炭酸水の文字。透明なペットボトルです。,500mlペット。無糖の炭酸水。,レモンの香りだけの、甘くない強炭酸。,https://products.kirin.co.jp/softdrink/softdrink/detail.html?id=6891,https://www.amazon.co.jp/dp/B0BVMGY6P7,https://item.rakuten.co.jp/aburajin/kirin-otonalemon500/,,https://store.shopping.yahoo.co.jp/quickfactory/8797.html,1
mets-clear-grapefruit-480,キリン メッツ 超刺激クリアグレープフルーツ 480ml,柑橘・炭酸,/drinks/mets-clear-grapefruit-480.webp,緑のボトルを、食後の手元に一本。,黄色いキャップにメッツのロゴ、淡い緑のペットボトル。,480mlペット。炭酸飲料。無果汁。,グレープフルーツの香りが強く、甘さ控えめ。炭酸の刺激が残ります。,https://products.kirin.co.jp/softdrink/softdrink/detail.html?id=7805,https://www.amazon.co.jp/dp/B07PQJJ796,https://item.rakuten.co.jp/als-inc/kr0039/,,,1
mets-lemon-squash-480,キリン メッツ プラス レモンスカッシュ 480ml,柑橘・炭酸,/drinks/mets-lemon-squash-480.webp,透明なボトルを、食後に一本。,黄色いキャップに白と黄のラベル、透明なペットボトル。,480mlペット。炭酸飲料。無果汁。,強炭酸のレモンスカッシュで、甘さは控えめ。,https://products.kirin.co.jp/softdrink/softdrink/detail.html?id=5897,https://www.amazon.co.jp/dp/B091KFWY36,https://item.rakuten.co.jp/worldcontact/2920/,,,1
itoen-mineral-strong-east-500,強炭酸水 ミネラルSTRONG（東日本）500ml,柑橘・炭酸,/drinks/itoen-mineral-strong-east-500.webp,青いラベルの炭酸水を、グラスの横に。,白いキャップに青とピンクのラベル、透明なペットボトル。,500mlペット。強炭酸水。,甘さゼロで、ほんのりミネラルの味がする炭酸。,https://www.itoen.jp/products/44449/,https://www.amazon.co.jp/dp/B09TS92MVQ,,,,1
itoen-vitamin-power-go-190,ビタミンパワーGO！ 190ml,柑橘・炭酸,/drinks/itoen-vitamin-power-go-190.webp,黄色い缶を、ちょっとした休憩の机に一本。,赤いGO!の文字の、黄色い190ml缶。,190ml缶。炭酸飲料。,柑橘系の炭酸で、酸味が先に来ます。,https://www.itoen.jp/products/43589/,https://www.amazon.co.jp/dp/B099ZTS2ZC,https://item.rakuten.co.jp/aburajin/itoen-vitamingo190s/,,,1
c1000-vitamin-lemon-140,C1000 ビタミンレモン 140ml,柑橘・炭酸,/drinks/c1000-vitamin-lemon-140.webp,小さな黄色い瓶を、食後に一本。,緑のキャップに黄色いレモンのラベル、140mlの小瓶。,140ml瓶。炭酸飲料。果汁10%未満。,レモンの酸味が先に来て、甘さもあります。,https://www.house-wf.co.jp/products/detail.php?cd=092806,https://www.amazon.co.jp/dp/B000HRGW58,https://item.rakuten.co.jp/aburajin/c1000remon-140x/,,,1
c1000-vitamin-orange-140,C1000 ビタミンオレンジ 140ml,柑橘・炭酸,/drinks/c1000-vitamin-orange-140.webp,オレンジ色の小瓶を、食後に一本。,緑のキャップにオレンジ色のラベル、140mlの小瓶。,140ml瓶。炭酸飲料。果汁10%未満。,甘酸っぱいオレンジの炭酸。,https://www.house-wf.co.jp/products/detail.php?cd=092169,https://www.amazon.co.jp/dp/B072JM1JBX,https://item.rakuten.co.jp/felicity-d/hou0007/,,https://store.shopping.yahoo.co.jp/soukai/4530503018197.html,1
tropicana-apple-250,トロピカーナ 100％ アップル 250ml,果汁・ネクター,/drinks/tropicana-apple-250.webp,りんごの紙パックを、朝のお皿の横に。,りんごの絵と赤い100%の文字、細長い紙パック。,250ml紙パック。果汁100%。,りんごの濃い甘さ。,https://products.kirin.co.jp/softdrink/softdrink/detail.html?id=2169,https://www.amazon.co.jp/dp/B00IUEUWQU,https://item.rakuten.co.jp/otodokestore-plus/3841/,,https://store.shopping.yahoo.co.jp/soukaidrink/4909411057152.html,1
tropicana-mango-blend-250,トロピカーナ 100％ マンゴーブレンド 250ml,果汁・ネクター,/drinks/tropicana-mango-blend-250.webp,黄色いパックを、果物の少ない食卓に一本。,マンゴーの絵の細長い紙パック。,250ml紙パック。果汁100%。りんごとにマンゴー。,マンゴーの香りに、りんごの甘さ。,https://products.kirin.co.jp/softdrink/softdrink/detail.html?id=2173,https://www.amazon.co.jp/dp/B00IUEV6JM,https://item.rakuten.co.jp/soukaidrink/4909411057251/,,https://store.shopping.yahoo.co.jp/soukaidrink/4909411057251.html,1
tropicana-pineapple-250,トロピカーナ 100％ パインアップル 250ml,果汁・ネクター,/drinks/tropicana-pineapple-250.webp,パインのパックを、冷たいままお昼に。,パイナップルの絵の細長い紙パック。,250ml紙パック。果汁100%。,パインの甘さと酸味。,https://products.kirin.co.jp/softdrink/softdrink/detail.html?id=2174,https://www.amazon.co.jp/dp/B07CGWT8K3,https://item.rakuten.co.jp/drink-market/b72-5/,,https://www.askul.co.jp/p/XH36389/,1
koiwai-junsui-mikan-430,小岩井 純水みかん 430ml,果汁・ネクター,/drinks/koiwai-junsui-mikan-430.webp,みかんのボトルを、食卓のコップの横に。,オレンジ色のラベルにみかん、透明なペットボトル。,430mlペット。果汁飲料。,温州みかんの甘さで、飲み口は軽め。,https://products.kirin.co.jp/softdrink/softdrink/detail.html?id=6569,https://www.amazon.co.jp/dp/B079Y7MVQ2,https://item.rakuten.co.jp/drink-market/b15-10/,,,1
koiwai-junsui-ringo-430,小岩井 純水りんご 430ml,果汁・ネクター,/drinks/koiwai-junsui-ringo-430.webp,りんごのボトルは、みかんとは別に。,りんごの絵の緑のラベル、透明なペットボトル。,430mlペット。果汁飲料。,りんごの甘さで、すっきりした飲み口。,https://products.kirin.co.jp/softdrink/softdrink/detail.html?id=6564,https://www.amazon.co.jp/dp/B079YBP4M2,https://item.rakuten.co.jp/aburajin/koiwai-ringo500/,,https://store.shopping.yahoo.co.jp/soukai/4909411076948.html,1
nippon-ale-hyuganatsu-500,ニッポンエール 宮崎県産日向夏 500g,果汁・ネクター,/drinks/nippon-ale-hyuganatsu-500.webp,日向夏のボトルを、柑橘の季節の食卓に。,日向夏の絵の緑と黄のラベル、透明なペットボトル。,500gペット。果汁飲料。,日向夏果汁の甘酸っぱさ。,https://www.itoen.jp/products/45011/,,https://item.rakuten.co.jp/aburajinbeverage/itoen-nipponyell-hyuganatsu500s/,,https://www.askul.co.jp/p/WNE9621/,1
nippon-ale-ringo-sankyodai-400,ニッポンエール 長野県産りんご三兄弟 400g,果汁・ネクター,/drinks/nippon-ale-ringo-sankyodai-400.webp,りんごのボトルを、おやつ代わりに一本。,赤と緑のりんごのラベル、透明なペットボトル。,400gペット。果汁飲料。,長野県産りんごの甘さ。,https://www.itoen.jp/products/48573/,https://www.amazon.co.jp/dp/B0G4M7HR38,,,,1
itoen-risou-tomato-200,充実野菜 理想のトマト 200ml,果汁・ネクター,/drinks/itoen-risou-tomato-200.webp,赤い紙パックを、朝のお皿の横に。,トマトの絵の赤い紙パック。,200ml紙パック。トマト飲料。,トマトの味が濃く、甘さは控えめ。,https://www.itoen.jp/products/43679/,https://www.amazon.co.jp/dp/B0CJXG81BD,https://item.rakuten.co.jp/quickfactory/r008652/,,https://www.tanomail.com/product/9643859/,1
gogo-lemon-tea-500,キリン 午後の紅茶 レモンティー 500ml,茶・ハーブ,/drinks/gogo-lemon-tea-500.webp,黄色い紅茶を、昼下がりのテーブルに。,黄色いキャップにレモンティーのラベル、透明なペットボトル。,500mlペット。紅茶飲料。果汁0.1%。,紅茶の香りに、レモンの甘酸っぱさ。,https://products.kirin.co.jp/softdrink/softdrink/detail.html?id=8813,https://www.amazon.co.jp/dp/B08WXT9L3M,,,https://www.askul.co.jp/p/8027691/,1
gogo-straight-tea-500,キリン 午後の紅茶 ストレートティー 500ml,茶・ハーブ,/drinks/gogo-straight-tea-500.webp,琥珀色の紅茶を、お昼の食卓に一本。,赤いラベルに琥珀色の中身、透明なペットボトル。,500mlペット。紅茶飲料。,紅茶の渋みと甘さ。レモンは入っていません。,https://products.kirin.co.jp/softdrink/softdrink/detail.html?id=8810,https://www.amazon.co.jp/dp/B08WXSC99Q,https://item.rakuten.co.jp/aburajin/gogotea-st500x/,,,1
gogo-yuzu-tea-400,キリン 午後の紅茶 ゆず柑橘ティー 400ml,茶・ハーブ,/drinks/gogo-yuzu-tea-400.webp,ゆずの紅茶を、冷たいまま食卓に。,黄色のラベルにゆず、透明なペットボトル。,400mlペット。紅茶飲料。,紅茶に、ゆずと温州みかんの酸味、はちみつの甘さ。,https://products.kirin.co.jp/softdrink/softdrink/detail.html?id=9002,,https://item.rakuten.co.jp/tsukasa1/4909411128296-1f/,,https://store.shopping.yahoo.co.jp/misonoya/b15-815.html,1
namacha-525,キリン 生茶 525ml,茶・ハーブ,/drinks/namacha-525.webp,緑茶を、食事のはじめに。,緑のラベルに薄い緑の中身、透明なペットボトル。,525mlペット。緑茶。,茶葉の甘みとさわやかな香り。渋みは強くありません。,https://products.kirin.co.jp/softdrink/softdrink/detail.html?id=8685,https://www.amazon.co.jp/dp/B0CX7VDS3H,,,https://store.shopping.yahoo.co.jp/soukaidrink/4909411091910.html,1
namacha-hojicha-525,キリン 生茶 ほうじ煎茶 525ml,茶・ハーブ,/drinks/namacha-hojicha-525.webp,ほうじ茶を、夜の食卓に一本。,茶色いラベルに薄い茶色の中身、透明なペットボトル。,525mlペット。ほうじ茶。,焙じた香りが先に来て、後味は軽め。,https://products.kirin.co.jp/softdrink/softdrink/detail.html?id=8693,https://www.amazon.co.jp/dp/B0CX7XL9QX,https://item.rakuten.co.jp/soukaidrink/4909411092658/,,https://store.shopping.yahoo.co.jp/soukaidrink/4909411092658.html,1
oi-ocha-hojicha-600,お～いお茶 ほうじ茶 600ml,茶・ハーブ,/drinks/oi-ocha-hojicha-600.webp,オレンジ色のほうじ茶を、食卓の真ん中に。,緑のキャップにオレンジ色のラベル、透明なペットボトル。,600mlペット。ほうじ茶。国産一番茶。,甘く香ばしく、苦みは少なめ。,https://www.itoen.jp/products/41604/,,,,https://www.yamada-denkiweb.com/6661487013/,1
kenko-mineral-mugicha-650,健康ミネラルむぎ茶 650ml,茶・ハーブ,/drinks/kenko-mineral-mugicha-650.webp,麦茶のボトルを、水の代わりに食卓へ。,赤いラベルに麦茶色の中身、透明なペットボトル。,650mlペット。麦茶。,香ばしさと、ほんのり甘いコク。,https://www.itoen.jp/products/41616/,https://www.amazon.co.jp/dp/B01D80G6VA,https://item.rakuten.co.jp/ccsz/038-0821-1112/,,https://store.shopping.yahoo.co.jp/softdrink/4901085179611.html,1
itoen-sobacha-500,伝承の健康茶 健康焙煎そば茶 500ml,茶・ハーブ,/drinks/itoen-sobacha-500.webp,そば茶を、カフェインを控えたい人の席に。,緑と黄のチェックのラベル、透明なペットボトル。,500mlペット。そば茶。カフェインゼロ。,そばの実の香ばしさ。茶葉の渋みはありません。,https://www.itoen.jp/products/41796/,https://www.amazon.co.jp/dp/B07FNCTPSC,https://item.rakuten.co.jp/soukaidrink/4901085195505/,,,1
tropicana-grape-250,トロピカーナ 100％ グレープ 250ml,ぶどう・ベリー,/drinks/tropicana-grape-250.webp,紫の紙パックを、朝のコップの横に。,ぶどうの絵の細長い紙パック。,250ml紙パック。果汁100%。,ぶどうの濃い甘さと香り。,https://products.kirin.co.jp/softdrink/softdrink/detail.html?id=2171,https://www.amazon.co.jp/dp/B00IUEUWSI,https://item.rakuten.co.jp/otodokestore-plus/3857/,,https://www.tanomail.com/product/7657467/,1
koiwai-junsui-grape-430,小岩井 純水ぶどう 430ml,ぶどう・ベリー,/drinks/koiwai-junsui-grape-430.webp,濃い色のぶどうを、食後に一本。,赤紫のラベルにぶどう、透明なペットボトル。,430mlペット。果汁飲料。,ぶどうの甘さで、飲み口は軽め。,https://products.kirin.co.jp/softdrink/softdrink/detail.html?id=6571,https://www.amazon.co.jp/dp/B079Y7MVQ6,https://item.rakuten.co.jp/aburajin/koiwai-budou500/,,https://store.shopping.yahoo.co.jp/y-ks/20261004192642-00903.html,1
nippon-ale-okayama-pione-500,ニッポンエール 岡山県産ピオーネ 500g,ぶどう・ベリー,/drinks/nippon-ale-okayama-pione-500.webp,紫のラベルを、ぶどうを出す席に一本。,紫のラベルにピオーネ、透明なペットボトル。,500gペット。果汁飲料。,岡山県産ピオーネの甘い香り。,https://www.itoen.jp/products/61237/,,https://item.rakuten.co.jp/misono-support/b7-1029/,,,1
itoen-blueberry-grape-mix-200,ブルーベリーぶどうmix 200ml,ぶどう・ベリー,/drinks/itoen-blueberry-grape-mix-200.webp,紫の紙パックを、小腹がすいたときに。,ブルーベリーの絵の紙パック。,200ml紙パック。果汁入り飲料。,ブルーベリーとぶどうで、甘さがはっきり。,https://www.itoen.jp/products/41776/,https://www.amazon.co.jp/dp/B091PYTX4H,https://item.rakuten.co.jp/drink-market/b7-717/,,,1
itoen-zakuro-mix-200,ザクロmix 200ml,ぶどう・ベリー,/drinks/itoen-zakuro-mix-200.webp,赤い紙パックは、甘いジュースとは別に。,ざくろの絵の紙パック。,200ml紙パック。果汁入り飲料。ざくろとぶどう。,ざくろの酸味とぶどうの甘さ。,https://www.itoen.jp/products/41294/,https://www.amazon.co.jp/dp/B0BW1195F3,https://item.rakuten.co.jp/marutokukan/10004679/,,https://store.shopping.yahoo.co.jp/softdrink/4901085613863.html,1
itoen-acai-smoothie-240,アサイーボウルSmoothie 240ml,ぶどう・ベリー,/drinks/itoen-acai-smoothie-240.webp,濃い色のパックを、甘いおやつの時間に一本。,アサイーとバナナの絵の紙パック。,240ml紙パック。果実飲料。,バナナとアサイーで、とろっとした口当たり。,https://www.itoen.jp/products/51473/,,https://item.rakuten.co.jp/smilehouse/ito-055/,,https://store.shopping.yahoo.co.jp/drinkya/41508-4.html,1
mogutto-nata-grape-380,もぐっと ナタデココ＆芳醇ぶどう 380g,ぶどう・ベリー,/drinks/mogutto-nata-grape-380.webp,ボトル缶を、おやつ代わりに一本。,ぶどうの絵の紫のボトル缶。,380gボトル缶。ぶどう果汁とナタデココ。,ぶどうの甘さに、ナタデココのつぶつぶ。,https://www.itoen.jp/products/50275/,https://www.amazon.co.jp/dp/B0FP212C2W,https://item.rakuten.co.jp/aburajin/itoen-mogubudo380s/,,https://store.shopping.yahoo.co.jp/soukai/4901085660782.html,1
yamitsuki-whitegrape-soda-350,やみつき白ぶどうソーダ 350ml,ぶどう・ベリー,/drinks/yamitsuki-whitegrape-soda-350.webp,緑の缶を、炭酸が欲しい人に一本。,緑のラベルに白ぶどうの350ml缶。,350ml缶。炭酸飲料。果汁10%未満。,白ぶどうの甘さと炭酸。,https://www.itoen.jp/products/51876/,https://www.amazon.co.jp/dp/B0FNMM6CYF,https://item.rakuten.co.jp/sanchoku-shop/sm3159/,,https://store.shopping.yahoo.co.jp/softdrink/4901085660461.html,1
oronamin-c-120,オロナミンCドリンク 120ml,クラフト・瓶もの,/drinks/oronamin-c-120.webp,茶色い小瓶を、食後に一本だけ。,ひし形の模様に赤い丸ラベル、王冠の茶色い小瓶。,120ml瓶。炭酸飲料。,甘酸っぱいビタミン炭酸。ほんのりハチミツの味がします。,https://www.otsuka.co.jp/nutraceutical/products/oronaminc/,https://www.amazon.co.jp/dp/B0DQTK3WFW,https://item.rakuten.co.jp/kenkocom/a510200h/,,https://www.askul.co.jp/p/E553813/,1
new-yakult-65,Newヤクルト 65ml,クラフト・瓶もの,/drinks/new-yakult-65.webp,小さな乳酸菌飲料を、食後のトレーに一本。,赤いキャップにベージュの中身、65mlの小さな容器。,65ml。乳製品乳酸菌飲料。要冷蔵。,甘さがはっきりした乳酸菌飲料。,https://www.yakult.co.jp/products/item0228.html,https://www.amazon.co.jp/dp/B092Q1LGH7,https://item.rakuten.co.jp/ever-shop/4903080748960a/,,https://store.shopping.yahoo.co.jp/ever-shop/4903080748960a.html,1
yakult-1000-100,Yakult（ヤクルト）1000 100ml,クラフト・瓶もの,/drinks/yakult-1000-100.webp,赤い小瓶を、夜の食卓の端に。,赤いキャップに赤いラベル、100mlの小さな容器。,100ml。乳製品乳酸菌飲料。要冷蔵。,甘みのある乳酸菌飲料。,https://www.yakult.co.jp/products/item0345.html,https://www.amazon.co.jp/dp/B085DX8J3R,https://item.rakuten.co.jp/saitamatoy/241101swky002/,,https://store.shopping.yahoo.co.jp/yy-store11/yakult-1000-7.html,1
yakult-400-meneki-80,ヤクルト４００免疫腸活 80ml,クラフト・瓶もの,/drinks/yakult-400-meneki-80.webp,ベージュの小瓶を、食後に一本。,薄いピンクのキャップ、80mlの小さな容器。,80ml。乳製品乳酸菌飲料。要冷蔵。,甘みのある乳酸菌飲料。65mlより少し大きめです。,https://www.yakult.co.jp/products/item0007.html,,,https://yakult-t.jp/shop/r/ry4/,,1
hakkaisan-nomu-genmai-115,八海山 麹と玄米でつくったあまさけ 115g,クラフト・瓶もの,/drinks/hakkaisan-nomu-genmai-115.webp,小さな白い瓶の甘酒を、冷たいままコップに注いで。,ピンクのキャップの白い小瓶。黄と桃の丸に「飲む玄米」の文字です。,115g瓶。米麹と玄米のあまさけ。要冷蔵。砂糖不使用。,麹の甘さに、ほんのり玄米の香り。,https://www.amasake.jp/lineup/,https://www.amazon.co.jp/dp/B0CM8X5MWM,https://item.rakuten.co.jp/syuraku-shop/141401x40/,,https://store.shopping.yahoo.co.jp/y-sf/1348996.html,1
hakkaisan-koji-amazake-gaba-118,八海山 乳酸発酵の麹あまさけ GABA 118g,クラフト・瓶もの,/drinks/hakkaisan-koji-amazake-gaba-118.webp,青いキャップの瓶を、甘いお菓子の代わりに一本。,青いキャップに緑のGABAの帯、白い小瓶。,118g瓶。米麹のあまさけを乳酸発酵。要冷蔵。,麹の甘さに、乳酸発酵のすっきりした酸味。,https://www.amasake.jp/lineup/,https://www.amazon.co.jp/dp/B07WWNH9VY,https://item.rakuten.co.jp/syuraku-shop/140236x40/,,https://store.shopping.yahoo.co.jp/echigo/899987.html,1
joa-blueberry-multivitamin-125,ジョア １日分のマルチビタミン ブルーベリー 125ml,クラフト・瓶もの,/drinks/joa-blueberry-multivitamin-125.webp,紫のボトルを、ヨーグルトの時間に一本。,白いキャップに、ブルーベリーの紫のラベル。125mlのボトルです。,125ml。はっ酵乳。要冷蔵。,甘みのあるブルーベリー味の飲むヨーグルト。,https://www.yakult.co.jp/products/item0357.html,https://www.amazon.co.jp/dp/B087RQZ5S5,https://item.rakuten.co.jp/mitubachi1/4903080216223/,,https://store.shopping.yahoo.co.jp/eight-cat-store/s-b087rqz5s5-20260707.html,1
joa-strawberry-calcium-125,ジョア １日分のカルシウム＆ビタミンＤ ストロベリー 125ml,クラフト・瓶もの,/drinks/joa-strawberry-calcium-125.webp,赤いボトルは、紫のジョアとは別に。,白いキャップに、いちごの赤いラベル。125mlのボトルです。,125ml。はっ酵乳。要冷蔵。,いちご味の飲むヨーグルト。,https://www.yakult.co.jp/products/item0358.html,,https://item.rakuten.co.jp/mitubachi1/4903080216216/,,,1
kirin-lemon-350-can,キリンレモン 350ml缶,缶・パーティー向き,/drinks/kirin-lemon-350-can.webp,黄色い缶を、手元に一本。,黄色と銀の350ml缶。キリンレモンのラベルです。,350ml缶。炭酸飲料。無果汁。,甘いレモンの炭酸で、後味すっきり。,https://products.kirin.co.jp/softdrink/softdrink/detail.html?id=6893,https://www.amazon.co.jp/dp/B085QWTDZR,https://item.rakuten.co.jp/aburajin/kirinlemon350x/,,https://store.shopping.yahoo.co.jp/softdrink/4909411037741.html,1
fire-black-185,キリン ファイア ブラック 185g,缶・パーティー向き,/drinks/fire-black-185.webp,黒い缶を、食後のテーブルに。,黒地に青い炎の185g缶。,185g缶。ブラックコーヒー。,香ばしいブラックコーヒー。甘さはありません。,https://products.kirin.co.jp/softdrink/softdrink/detail.html?id=2076,https://www.amazon.co.jp/dp/B0CB7TPYG7,https://item.rakuten.co.jp/healthy-bright/1292/,,https://store.shopping.yahoo.co.jp/quickfactory/5380.html,1
fire-hikitate-bito-185,キリン ファイア 挽きたて微糖 185g,缶・パーティー向き,/drinks/fire-hikitate-bito-185.webp,金色の缶を、食後に一本。,金と赤に炎のマーク、185g缶。,185g缶。微糖コーヒー。牛乳使用。,コーヒーの苦みに、ほんの少しの甘さ。,https://products.kirin.co.jp/softdrink/softdrink/detail.html?id=2072,https://www.amazon.co.jp/dp/B07WRWSKN5,https://item.rakuten.co.jp/quickfactory/r005355/,,,1
fire-zeitaku-cafe-au-lait-185,キリン ファイア 贅沢カフェオレ 185g,缶・パーティー向き,/drinks/fire-zeitaku-cafe-au-lait-185.webp,白い缶を、甘いコーヒーが好きな人に。,白と金にカフェオレの文字、185g缶。,185g缶。カフェオレ。牛乳使用。,ミルクのコクが強く、甘さもしっかり。,https://products.kirin.co.jp/softdrink/softdrink/detail.html?id=2083,https://www.amazon.co.jp/dp/B07WV1LSR2,https://item.rakuten.co.jp/himawariya/1200037/,,,1
mets-black-350,キリン メッツ ブラック 350ml,缶・パーティー向き,/drinks/mets-black-350.webp,赤い缶を、食事のお供の炭酸として一本。,赤と黒にメッツの文字、350ml缶。,350ml缶。強炭酸のコーラ。,コーラ味で、炭酸のキレが強め。,https://products.kirin.co.jp/softdrink/softdrink/detail.html?id=2109,https://www.amazon.co.jp/dp/B01FHQ71LW,https://item.rakuten.co.jp/premiercontact/002555/,,https://store.shopping.yahoo.co.jp/premiercontact/1699.html,1
tullys-baristas-black-kilimanjaro-390,TULLY’S COFFEE BARISTA’S BLACK キリマンジャロ 390ml,缶・パーティー向き,/drinks/tullys-baristas-black-kilimanjaro-390.webp,青いボトル缶を、無糖のコーヒーが欲しいときに。,白いTULLY'Sの文字の、青いボトル缶。,390mlボトル缶。無糖ブラック。,キリマンジャロの香りで、甘さはありません。,https://www.itoen.jp/products/50925/,,https://item.rakuten.co.jp/aburajin/itoen-tl-kirimanjaro390/,,https://www.askul.co.jp/p/UK71176/,1
chichiyasu-milk-coffee-250,チチヤス ちょっとすっきり ミルクコーヒー 250g,缶・パーティー向き,/drinks/chichiyasu-milk-coffee-250.webp,ベージュの缶を、甘いカフェオレより軽く飲みたい人に。,牛のイラストのベージュの250g缶。,250g缶。ミルクコーヒー。牛乳使用。,ミルクの甘さで、後味は重くありません。,https://www.itoen.jp/products/41323/,,https://item.rakuten.co.jp/aburajin/gokugokucoffee250s/,,,1
koiwai-milk-cocoa-280,小岩井 ミルクとココア 280g,缶・パーティー向き,/drinks/koiwai-milk-cocoa-280.webp,茶色い缶を、冷たいままおやつに。,牛とココアの絵の茶色い280g缶。,280g缶。ココア飲料。牛乳使用。,ミルクの甘さとココアのコク。,https://products.kirin.co.jp/softdrink/softdrink/detail.html?id=2212,https://www.amazon.co.jp/dp/B07WX6YPQ5,https://item.rakuten.co.jp/lb77/20251223093820_33/,,https://www.askul.co.jp/p/EP88039/,1
cheerio-hassaku-430,チェリオ 八朔サイダー 430ml,柑橘・炭酸,/drinks/cheerio-hassaku-430.webp,はっさくの炭酸を、お昼の食卓の端に一本。,水色のラベルに黄色いはっさくの絵、透明なペットボトル。,430mlペット。炭酸飲料。果汁1%。,国産はっさくの甘酸っぱさと、皮のほろ苦さ。甘さは控えめです。,https://www.cheerio.co.jp/lineup/%E5%85%AB%E6%9C%94%EF%BC%88%E3%81%AF%E3%81%A3%E3%81%95%E3%81%8F%EF%BC%89%E3%82%B5%E3%82%A4%E3%83%80%E3%83%BC/,,,,,0
cheerio-nihon-cider-500,チェリオ 日本のサイダー 500ml,柑橘・炭酸,/drinks/cheerio-nihon-cider-500.webp,透明なサイダーを、食事の横に。,波と富士山の丸いラベル、透明なペットボトル。,500mlペット。透明な炭酸飲料。,甘みのある透明なサイダー。,https://www.cheerio.co.jp/lineup/nihonnocider/,,,https://www.cheerio-shop.jp/p/item-detail/detail/i60.html,,1
cheerio-melon-cream-430,チェリオ メロンクリームソーダ 430ml,柑橘・炭酸,/drinks/cheerio-melon-cream-430.webp,緑のソーダを、甘いものの隣に一本。,緑のラベルにメロンの絵、透明なペットボトル。,430mlペット。乳性の炭酸飲料。,クリーミーなメロンにバニラの甘さ。炭酸はマイルドです。,https://www.cheerio.co.jp/lineup/%E3%83%A1%E3%83%AD%E3%83%B3%E3%82%AF%E3%83%AA%E3%83%BC%E3%83%A0%E3%82%BD%E3%83%BC%E3%83%80-2/,https://www.amazon.co.jp/dp/B0FR8P9L5P,https://item.rakuten.co.jp/misono-support/b30-11/,,https://store.shopping.yahoo.co.jp/misono-support/b30-11.html,1
cheerio-pineame-430,チェリオ パインアメサイダー 430ml,柑橘・炭酸,/drinks/cheerio-pineame-430.webp,黄色いサイダーを、お菓子代わりにテーブルへ。,黄色のラベルにパインアメの絵、透明なペットボトル。,430mlペット。炭酸飲料。,パインアメのような甘酸っぱさ。まず炭酸がはじけます。,https://www.cheerio.co.jp/lineup/%E3%83%91%E3%82%A4%E3%83%B3%E3%82%A2%E3%83%A1%E3%82%B5%E3%82%A4%E3%83%80%E3%83%BC/,,https://item.rakuten.co.jp/at-cvs/4902074016078/,,https://store.shopping.yahoo.co.jp/sakayabic/668138-01.html,1
cheerio-white-soda-430,チェリオ nyuホワイトソーダ 430ml,柑橘・炭酸,/drinks/cheerio-white-soda-430.webp,白いソーダを、子どもの席の横に。,青い牛柄にnyuの文字、白いペットボトル。,430mlペット。乳性の炭酸飲料。,ミルクのような甘さの白い炭酸。,https://www.cheerio.co.jp/lineup/nyu%E3%83%9B%E3%83%AF%E3%82%A4%E3%83%88%E3%82%BD%E3%83%BC%E3%83%80/,https://www.amazon.co.jp/dp/B0CYQF73TQ,https://item.rakuten.co.jp/misonoya/b30-105/,,,1
cheerio-lifeguard-500,チェリオ ライフガード 500ml,柑橘・炭酸,/drinks/cheerio-lifeguard-500.webp,緑のキャップの炭酸を、作業中の手元に一本。,炎のようなラベルにLIFEGUARDの文字、透明なペットボトル。,500mlペット。炭酸飲料。微炭酸。,甘みのある微炭酸。はちみつとローヤルゼリー入りです。,https://www.cheerio.co.jp/lineup/lifeguard500pet/,https://www.amazon.co.jp/dp/B00KFVT7VM,https://item.rakuten.co.jp/aburajin/ch-lifeguard500/,,https://store.shopping.yahoo.co.jp/soukai/4902074010632.html,1
fujiya-lemon-squash-500,不二家レモンスカッシュ 500ml,柑橘・炭酸,/drinks/fujiya-lemon-squash-500.webp,水玉模様のレモン炭酸を、お昼のグラスの横に。,黒地に白い水玉とレモン、透明なペットボトル。,500mlペット。炭酸飲料。果汁10%未満。,シチリア産レモンの甘酸っぱい炭酸。,https://www.fujiya-peko.co.jp/sweets/item/25113.html,https://www.amazon.co.jp/dp/B00XN9PCOY,https://item.rakuten.co.jp/aburajin/fujiya-lemosq500/,,https://store.shopping.yahoo.co.jp/y-ks/20261004192642-01490.html,1
fujiya-salty-lemon-500,不二家ソルティレモンスカッシュ 500ml,柑橘・炭酸,/drinks/fujiya-salty-lemon-500.webp,塩気のあるレモン炭酸を、汗をかいたあとのテーブルに。,レモンのラベルにソルティの文字、透明なペットボトル。,500mlペット。炭酸飲料。食塩入り。,甘さ控えめで、レモンと塩の味。,https://www.fujiya-peko.co.jp/sweets/item/21817.html,https://www.amazon.co.jp/dp/B0H4Y6ZXRY,https://item.rakuten.co.jp/drink-market/b40-98/,,https://www.askul.co.jp/p/WXJ9141/,1
sunkist-orange-200,サンキスト 100%オレンジ 200ml,果汁・ネクター,/drinks/sunkist-orange-200.webp,オレンジの紙パックを、朝のお皿の横に。,オレンジの断面と100%の文字、細長い紙パック。,200ml紙パック。果汁100%。濃縮還元。,オレンジの甘さと酸味。,https://www.morinagamilk.co.jp/products/drink/sunkist100/69.html,https://www.amazon.co.jp/dp/B0GN2LQL2W,https://item.rakuten.co.jp/otodokestore-plus/2870/,,https://www.askul.co.jp/p/WPH8658/,1
sunkist-apple-200,サンキスト 100%アップル 200ml,果汁・ネクター,/drinks/sunkist-apple-200.webp,りんごのパックは、オレンジとは別に。,りんごの絵と100%の文字、細長い紙パック。,200ml紙パック。果汁100%。濃縮還元。,りんごの甘さ。,https://www.morinagamilk.co.jp/products/drink/sunkist100/72.html,https://www.amazon.co.jp/dp/B008CVESFM,https://item.rakuten.co.jp/beautygoodsnld/b008cvesfm/,,https://www.askul.co.jp/p/WK68043/,1
sunkist-pineapple-200,サンキスト 100%パインアップル 200ml,果汁・ネクター,/drinks/sunkist-pineapple-200.webp,パインのパックを、冷たいままお昼に。,パイナップルの絵の細長い紙パック。,200ml紙パック。果汁100%。濃縮還元。,パインの甘さと酸味。,https://www.morinagamilk.co.jp/products/drink/sunkist100/9197.html,https://www.amazon.co.jp/dp/B0D9LPN7VR,https://item.rakuten.co.jp/otodokestore-plus/7429/,,https://store.shopping.yahoo.co.jp/soukaidrink/4902720159654.html,1
kikkoman-soy-banana-200,キッコーマン 豆乳飲料 バナナ 200ml,果汁・ネクター,/drinks/kikkoman-soy-banana-200.webp,黄色い豆乳を、甘いものの代わりに一本。,バナナの線画に鳥と木のマーク、黄色い紙パック。,200ml紙パック。豆乳飲料。果汁4%。,バナナの香りに、豆乳のコク。,https://www.k-tounyu.jp/lineup/95/,https://www.amazon.co.jp/dp/B095H348CG,https://item.rakuten.co.jp/tochikame/54328/,,https://www.askul.co.jp/p/AH93879/,1
kikkoman-soy-fruitmix-200,キッコーマン 豆乳飲料 フルーツミックス 200ml,果汁・ネクター,/drinks/kikkoman-soy-fruitmix-200.webp,オレンジ色の豆乳を、果物の少ない食卓に。,みかんとパインの絵の、オレンジ色の紙パック。,200ml紙パック。豆乳飲料。果汁10%未満。,甘酸っぱい果物の香りと豆乳。,https://www.k-tounyu.jp/lineup/97/,https://www.amazon.co.jp/dp/B00CLMLQCG,https://item.rakuten.co.jp/bunza/54322/,,https://store.shopping.yahoo.co.jp/soukaidrink/626745.html,1
marusan-setoka-200,マルサン ひとつ上の豆乳 せとか 200ml,果汁・ネクター,/drinks/marusan-setoka-200.webp,せとかの豆乳を、柑橘の季節のお皿の横に。,せとかの実の絵の、橙と白の細長い紙パック。,200ml紙パック。豆乳飲料。果汁10%未満。,愛媛県産せとかの香りに、豆乳のまろやかさ。,https://www.marusanai.co.jp/lineup/detail-64369/,https://www.amazon.co.jp/dp/B0DSBY4G8T,https://item.rakuten.co.jp/felicity-d/mar0080/,,https://www.askul.co.jp/p/AEX7328/,1
cheerio-goody-apple-280,チェリオ GOODYりんご 280ml,果汁・ネクター,/drinks/cheerio-goody-apple-280.webp,小さいりんごのボトルを、子どもの席に一本。,笑顔のりんごの絵の、白い小さなペットボトル。,280mlペット。果汁入り飲料。りんご果汁20%。,やさしい甘さのりんご。,https://www.cheerio.co.jp/lineup/goody%E3%82%8A%E3%82%93%E3%81%94/,,,https://cheerio-shop.jp/p/item-detail/detail/i159.html,,1
cheerio-3fruit-500,チェリオ 3つの果実 500ml,果汁・ネクター,/drinks/cheerio-3fruit-500.webp,桃とマンゴーのボトルを、お昼のテーブルの真ん中に。,ピンクのラベルに3つの果物、透明なペットボトル。,500mlペット。果汁入り飲料。果汁10%未満。,マンゴーと桃の甘さに、りんごの酸味。甘さは控えめです。,https://www.cheerio.co.jp/lineup/3%E3%81%A4%E3%81%AE%E6%9E%9C%E5%AE%9F/,https://www.amazon.co.jp/dp/B0DPWJNB5P,https://item.rakuten.co.jp/cancan/4902074018218-2c/,,https://store.shopping.yahoo.co.jp/umaimon-healthsalute/66100600-24.html,1
mtr-caffelatte-240,マウントレーニア カフェラッテ 240ml,茶・ハーブ,/drinks/mtr-caffelatte-240.webp,カップのラテを、午後の机にひとつ。,山のマークのベージュのカップ型紙パック。,240mlカップ。乳飲料。要冷蔵。,コーヒーとミルクで、甘さがあります。,https://www.morinagamilk.co.jp/products/drink/mtr_caffelatte/29.html,https://www.amazon.co.jp/dp/B00E3RJFC0,https://item.rakuten.co.jp/yoridorimilk/10000077/,,https://store.shopping.yahoo.co.jp/softdrink/4902720150972.html,1
mtr-hojicha-latte,マウントレーニア クリーミーほうじ茶ラテ 240ml,茶・ハーブ,/drinks/mtr-hojicha-latte.webp,ほうじ茶のカップは、コーヒーとは別に。,ほうじ茶ラテの文字の、ベージュのカップ。,240mlカップ。乳飲料。要冷蔵。,ほうじ茶の香りとミルクのコク。,https://www.morinagamilk.co.jp/products/drink/mtr_caffelatte/9657.html,https://www.amazon.co.jp/dp/B0FH623PMV,https://item.rakuten.co.jp/otodokestore-plus/4503/,,https://store.shopping.yahoo.co.jp/softdrink/4902720164122.html,1
mtr-espresso-latte,マウントレーニア カフェラッテ エスプレッソ 240ml,茶・ハーブ,/drinks/mtr-espresso-latte.webp,緑のカップを、苦めが好きな人に。,エスプレッソの文字の、緑のカップ型紙パック。,240mlカップ。乳飲料。要冷蔵。,エスプレッソの苦みにミルク入り。,https://www.morinagamilk.co.jp/products/drink/mtr_caffelatte/419.html,,https://item.rakuten.co.jp/otodokestore-plus/6994/,,https://store.shopping.yahoo.co.jp/nakae-web/4902720150989.html,1
kikkoman-soy-tea-200,キッコーマン 豆乳飲料 紅茶 200ml,茶・ハーブ,/drinks/kikkoman-soy-tea-200.webp,紅茶の豆乳を、おやつの時間のお皿の横に。,紅茶色にキッコーマンのマークの紙パック。,200ml紙パック。豆乳飲料。,紅茶の香りに豆乳のコク。,https://www.k-tounyu.jp/lineup/94/,https://www.amazon.co.jp/dp/B00CLMLOQ4,https://item.rakuten.co.jp/rakuten24/e378254h/,,https://store.shopping.yahoo.co.jp/sundrugec/4930726100301.html,1
kikkoman-soy-matcha-200,キッコーマン 豆乳飲料 抹茶 200ml,茶・ハーブ,/drinks/kikkoman-soy-matcha-200.webp,緑の豆乳を、甘い抹茶が欲しいときに一本。,抹茶の文字の緑の紙パック。,200ml紙パック。豆乳飲料。,焙煎抹茶の香りに、黒蜜の甘さ。,https://www.k-tounyu.jp/lineup/96/,https://www.amazon.co.jp/dp/B00CLMLQ0I,https://item.rakuten.co.jp/bunza/54325/,,https://store.shopping.yahoo.co.jp/softdrink/4930726100080.html,1
kikkoman-soy-jasmine-200,キッコーマン 豆乳飲料 ジャスミンティー 200ml,茶・ハーブ,/drinks/kikkoman-soy-jasmine-200.webp,薄い色のパックを、香りで選びたい人に。,花模様とティーカップの、水色の紙パック。,200ml紙パック。豆乳飲料。,ジャスミンの香りで、飲み口は軽め。豆乳のコクも残ります。,https://www.k-tounyu.jp/lineup/9231/,https://www.amazon.co.jp/dp/B0HGY6GYVS,https://item.rakuten.co.jp/pocket-cvs/4930726104378/,,https://store.shopping.yahoo.co.jp/softdrink/4930726104378.html,1
cheerio-ryokucha-500,チェリオ 緑茶 500ml,茶・ハーブ,/drinks/cheerio-ryokucha-500.webp,緑茶のボトルを、食事の湯のみ代わりに。,緑のラベルの透明なペットボトル。,500mlペット。緑茶。国産茶葉。,茶葉が香る、すっきりした緑茶。,https://www.cheerio.co.jp/lineup/%E7%B7%91%E8%8C%B6/,https://www.amazon.co.jp/dp/B0HGDW49CZ,https://item.rakuten.co.jp/cancan/4902074017716-2c/,,,1
ucc-teatime-straight-900,UCC 紅茶の時間 ストレートティー 無糖 900ml,茶・ハーブ,/drinks/ucc-teatime-straight-900.webp,無糖の紅茶を、ポット代わりにテーブルの端へ。,紫のチェックのラベル、茶色い大きなペットボトル。,900mlペット。無糖の紅茶。アッサム。,甘さはなく、紅茶の渋みと香り。,https://www.ucc.co.jp/product/drink/tea/teatime/teatime-drink-straight-tea-no-sugar.html,https://www.amazon.co.jp/dp/B0CVZLFN1Z,https://item.rakuten.co.jp/felicity-d/ucc0009/,,,1
sunkist-grape-200,サンキスト 100%グレープ 200ml,ぶどう・ベリー,/drinks/sunkist-grape-200.webp,ぶどうのパックを、紫の色が欲しい食卓に。,紫と緑のぶどうに100%の文字、細長い紙パック。,200ml紙パック。果汁100%。濃縮還元。,ぶどうの濃い甘さ。,https://www.morinagamilk.co.jp/products/drink/sunkist100/77.html,https://www.amazon.co.jp/dp/B008CLSOWA,https://item.rakuten.co.jp/nakae/4902720069236/,,https://store.shopping.yahoo.co.jp/otodokestore2/2873.html,1
sunkist-muscat-200,サンキスト 100%マスカットブレンド 200ml,ぶどう・ベリー,/drinks/sunkist-muscat-200.webp,マスカットのパックは、ぶどうとは別に。,緑のぶどうとりんごの絵、細長い紙パック。,200ml紙パック。果汁100%。りんごとにぶどう。,マスカットの香りに、りんごの甘さ。,https://www.morinagamilk.co.jp/products/drink/sunkist100/7124.html,https://www.amazon.co.jp/dp/B09CSVKQC8,https://item.rakuten.co.jp/kenkouya-webshop/031362-2/,,https://www.askul.co.jp/p/NN42941/,1
kikkoman-soy-ichigobanana-200,キッコーマン 豆乳飲料 いちごバナナ 200ml,ぶどう・ベリー,/drinks/kikkoman-soy-ichigobanana-200.webp,ピンクの豆乳を、果物の代わりに一本。,いちごとバナナの絵の、ピンクの紙パック。,200ml紙パック。豆乳飲料。,いちごとバナナの甘さに、豆乳のコク。,https://www.k-tounyu.jp/lineup/9104/,https://www.amazon.co.jp/dp/B0GL7VYM6P,https://item.rakuten.co.jp/soukaidrink/654109/,,https://www.askul.co.jp/p/WPH8248/,1
marusan-mamepiyo-ichigo-125,マルサン まめぴよ 豆乳飲料 いちご 125ml,ぶどう・ベリー,/drinks/marusan-mamepiyo-ichigo-125.webp,小さないちごのパックを、子どもの席に。,いちごの絵の、ピンクの小さな紙パック。,125ml紙パック。豆乳飲料。果汁3%。,いちごの甘さで、豆乳は軽め。,https://www.marusanai.co.jp/lineup/detail-64282/,,https://item.rakuten.co.jp/quickfactory/r006164/,,https://store.shopping.yahoo.co.jp/world-cl/2025766.html,1
mtr-ichigo-latte,マウントレーニア クリーミーとちおとめ苺ラテ 240ml,ぶどう・ベリー,/drinks/mtr-ichigo-latte.webp,苺のカップは、コーヒーの隣ではなく甘いものの席に。,苺の絵のカップ型紙パック。,240mlカップ。乳飲料。要冷蔵。,とちおとめの甘さとミルクのコク。,https://www.morinagamilk.co.jp/products/drink/mtr_caffelatte/7422.html,,https://item.rakuten.co.jp/dailymeg/100001115/,,https://store.shopping.yahoo.co.jp/softdrink/4902720151108.html,1
picnic-ichigo-ole-200,ピクニック いちごオ・レ 200ml,ぶどう・ベリー,/drinks/picnic-ichigo-ole-200.webp,いちごオ・レを、朝のパンの横に。,いちごの絵とPiknikの文字、ピンクの紙パック。,200ml紙パック。乳飲料。果汁1%。,いちごの甘さ。ミルクの味が先に来ます。,https://www.morinagamilk.co.jp/products/drink/piknik/25.html,https://www.amazon.co.jp/dp/B008CLSQBE,https://item.rakuten.co.jp/soukaidrink/4902720067850/,,https://www.askul.co.jp/p/AX78660/,1
itoen-grape-squash-450,伊藤園 ぶどうスカッシュ 450ml,ぶどう・ベリー,/drinks/itoen-grape-squash-450.webp,紫のスカッシュを、ぶどうジュースの隣に。,紫のラベルにぶどうの房、透明なペットボトル。,450mlペット。果汁炭酸。果汁10%未満。,2種類のぶどうでコクのある炭酸。,https://www.itoen.jp/products/46193/,https://www.amazon.co.jp/dp/B0BYN8KX3H,https://item.rakuten.co.jp/easylifeshop/mu302c7a1c03/,,https://store.shopping.yahoo.co.jp/nondonkai/00016635.html,1
yakult-muscat-65,Newヤクルト マスカット味 65ml,ぶどう・ベリー,/drinks/yakult-muscat-65.webp,緑の小瓶を、食後に一本。,緑のラベルにマスカット、65mlの小さな容器。,65ml瓶。乳製品乳酸菌飲料。無果汁。要冷蔵。,マスカットの香りで、甘さは控えめ。,https://www.yakult.co.jp/products/item0489.html,https://www.amazon.co.jp/dp/B0GV3ZZJH9,,,,1
otsuka-fibemini-100,ファイブミニ 100ml,クラフト・瓶もの,/drinks/otsuka-fibemini-100.webp,小さな赤い瓶を、食後に一本。,白と赤のラベルの、100mlの細長い瓶。,100ml瓶。炭酸飲料。,甘みのある炭酸。食物繊維入りです。,https://www.otsuka.co.jp/nutraceutical/products/fibemini/,https://www.amazon.co.jp/dp/B07P9C2ZDJ,https://item.rakuten.co.jp/ggtokyo/co-53230/,,https://www.tanomail.com/product/variation/00040882/,1
marukome-koji-rich-165,プラス糀 糀甘酒LL 糀リッチ粒 165ml,クラフト・瓶もの,/drinks/marukome-koji-rich-165.webp,紫の甘酒を、温めても冷たくても、テーブルの端に。,紫と白に大きな糀甘酒の文字、紙パック。,165ml紙パック。米と米こうじ。粒の入ったタイプ。,米こうじの甘さで、塩けはありません。,https://www.marukome.co.jp/product/detail/koji_105/,https://www.amazon.co.jp/dp/B0GPJ6FJ1J,https://item.rakuten.co.jp/k-home/7349116/,,https://store.shopping.yahoo.co.jp/soukaidrink/4549671002082.html,1
marukome-koji-lowcarb-165,プラス糀 糀甘酒LL 糖質30％オフ 165ml,クラフト・瓶もの,/drinks/marukome-koji-lowcarb-165.webp,青い甘酒を、甘さを控えたい人に一本。,白と水色の紙パック。側面にLIGHTの文字です。,165ml紙パック。米こうじの甘酒。糖質30%オフ。,甘さはしっかり残って、後味は軽め。,https://www.marukome.co.jp/product/detail/koji_106/,https://www.amazon.co.jp/dp/B0GR943QN9,https://item.rakuten.co.jp/marukome-shop/koji_106/,,https://store.shopping.yahoo.co.jp/irisplaza/7349115.html,1
marukome-koji-bocha,プラス糀 糀甘酒LL 加賀棒茶 125ml,クラフト・瓶もの,/drinks/marukome-koji-bocha.webp,ほうじ茶の甘酒を、香ばしいのが欲しいときに。,急須の絵と加賀棒茶の文字、橙色の紙パック。,125ml紙パック。米こうじの甘酒にほうじ茶。,ほうじ茶の香りと米こうじの甘さ。,https://www.marukome.co.jp/product/detail/koji_109/,,,https://www.marukome-shop.jp/shop/g/g412189/,,1
marukome-koji-yuzu,プラス糀 糀甘酒LL ゆず 125ml,クラフト・瓶もの,/drinks/marukome-koji-yuzu.webp,ゆずの甘酒を、柑橘が欲しいテーブルに。,大きなゆずの絵の白い紙パック。,125ml紙パック。米こうじの甘酒。ゆず果汁2%。,ゆずの香りの奥に、米こうじの甘さ。,https://www.marukome.co.jp/product/detail/koji_101/,https://www.amazon.co.jp/dp/B078757VCH,https://item.rakuten.co.jp/quickfactory/r007684/,,https://www.tanomail.com/product/9622472/,1
marusan-amazake-200,マルサン 甘酒 200ml,クラフト・瓶もの,/drinks/marusan-amazake-200.webp,青い枠の甘酒を、朝か夜のテーブルの端に一本。,青い枠に甘酒の文字、白い紙パック。,200ml紙パック。米糀の甘酒。,米糀のやさしい甘さ。,https://www.marusanai.co.jp/lineup/detail-64851/,https://www.amazon.co.jp/dp/B0GXCM7D46,https://item.rakuten.co.jp/felicity-wine/mar0043-2/,,https://store.shopping.yahoo.co.jp/softdrink/4901033638702.html,1
cheerio-lactic-280,チェリオ おいしい乳酸菌ドリンク 280ml,クラフト・瓶もの,/drinks/cheerio-lactic-280.webp,小さな乳酸菌のボトルを、食後に一本。,赤と白のしま模様、白い小さなペットボトル。,280mlペット。清涼飲料。ヨーグルト風味。,ヨーグルトのような甘さ。炭酸は入っていません。,https://www.cheerio.co.jp/lineup/%E3%81%8A%E3%81%84%E3%81%97%E3%81%84%E4%B9%B3%E9%85%B8%E8%8F%8C%E3%83%89%E3%83%AA%E3%83%B3%E3%82%AF/,,,https://cheerio-shop.jp/p/item-detail/detail/i160.html,,1
marukome-koji-soy,プラス糀 糀甘酒LL 豆乳ブレンド 125ml,クラフト・瓶もの,/drinks/marukome-koji-soy.webp,豆乳の甘酒を、白湯の隣に。,豆乳ブレンドの文字の、白とベージュの紙パック。,125ml紙パック。豆乳と米こうじ。国産豆乳。,豆乳のまろやかさと米こうじの甘さ。,https://www.marukome.co.jp/product/detail/koji_047/,https://www.amazon.co.jp/dp/B073QFTHD3,https://item.rakuten.co.jp/manesus/m4b276b75e6/,,https://www.tanomail.com/product/9622458/,1
ucc-black-185,UCC BLACK無糖 缶185g,缶・パーティー向き,/drinks/ucc-black-185.webp,黒い缶を、甘いコーヒーとは別に机へ。,金色の天面に無糖の白丸、黒い185g缶。,185g缶。コーヒー。香料無添加。,甘さゼロで、焙煎したコーヒーの苦み。,https://www.ucc.co.jp/product/drink/coffee/black/black-can.html,,https://item.rakuten.co.jp/coffeestyleucc/blk1101005cs1/,,https://store.shopping.yahoo.co.jp/coffeestyleucc/blk1101005cs1.html,1
ucc-milk-coffee-250,UCC ミルクコーヒー 缶250g,缶・パーティー向き,/drinks/ucc-milk-coffee-250.webp,赤と橙色の缶を、人数ぶん並べて。,上が橙、下が赤にMILK COFFEEの文字、250g缶。,250g缶。ミルクコーヒー。,ミルクの甘さとコーヒーの苦み。,https://www.ucc.co.jp/product/drink/coffee/milk-coffee/milk-coffee-can.html,https://www.amazon.co.jp/dp/B07Q343W8P,https://item.rakuten.co.jp/coffeestyleucc/mil1701001cs1/,,https://store.shopping.yahoo.co.jp/coffeestyleucc/mil1701001cs1.html,1
ucc-br-latte-375,UCC BEANS & ROASTERS カフェラテ 375g,缶・パーティー向き,/drinks/ucc-br-latte-375.webp,白いリキャップ缶を、淹れたてのコーヒーの隣に一本。,カップの絵とCAFFE LATTEの文字、白いリキャップ缶。,375gリキャップ缶。乳飲料。,ミルクの甘さのあとに、コーヒーが残ります。,https://www.ucc.co.jp/product/drink/coffee/beans&roasters/beans&roasters_cafelatte_can.html,https://www.amazon.co.jp/dp/B01CJ2XKWG,https://item.rakuten.co.jp/easylifeshop/mu1d60c9d1e9/,,,1
cheerio-black-185,チェリオ ブルースコーヒー The BLACK 無糖 185g,缶・パーティー向き,/drinks/cheerio-black-185.webp,黒い缶を、別の席に。,The BLACKの文字とコーヒー豆の絵、黒い185g缶。,185g缶。無糖のコーヒー。,甘さゼロで、キレのあるコク。,https://www.cheerio.co.jp/lineup/black/,,,https://www.cheerio-shop.jp/p/item-detail/detail/i119.html,,1
cheerio-cocoa-185,チェリオ 手作り風ココア 185g,缶・パーティー向き,/drinks/cheerio-cocoa-185.webp,ココアの缶を、冷たいままテーブルの端に。,クマの絵の茶色い185g缶。,185g缶。ココア飲料。,ココアのコクと甘さ。,https://www.cheerio.co.jp/lineup/%E6%89%8B%E4%BD%9C%E3%82%8A%E9%A2%A8%E3%82%B3%E3%82%B3%E3%82%A2/,,,,https://store.shopping.yahoo.co.jp/drink-next/che-25-602.html,1
cheerio-matcha-250,チェリオ 宇治抹茶グリーンティー 250g,缶・パーティー向き,/drinks/cheerio-matcha-250.webp,緑の缶を、甘いお茶が欲しい人の数だけ。,抹茶の粉と氷の絵、細い250g缶。,250g缶。宇治抹茶の緑茶飲料。てんさい糖。,抹茶のコクと、てんさい糖の甘さ。,https://www.cheerio.co.jp/lineup/%E5%AE%87%E6%B2%BB%E6%8A%B9%E8%8C%B6%E3%82%B0%E3%83%AA%E3%83%BC%E3%83%B3%E3%83%86%E3%82%A3%E3%83%BC/,,,,,0
cheerio-suppai-350,チェリオ スッパイマンサイダー 350ml,缶・パーティー向き,/drinks/cheerio-suppai-350.webp,黄色い缶を、梅が好きな人の席に並べて。,梅干しのキャラクターの、黄色い350ml缶。,350ml缶。炭酸飲料。無果汁。,甘酸っぱい梅の炭酸。,https://www.cheerio.co.jp/lineup/%E3%82%B9%E3%83%83%E3%83%91%E3%82%A4%E3%83%9E%E3%83%B3%E3%82%B5%E3%82%A4%E3%83%80%E3%83%BC350can/,https://www.amazon.co.jp/dp/B0F4LNVCJR,https://item.rakuten.co.jp/drink-market/b30-121-2/,,,1
cheerio-guarana-350,チェリオ ガラナソーダ 350ml,缶・パーティー向き,/drinks/cheerio-guarana-350.webp,黄色いガラナの缶を、ソーダの列に足して。,南米の地図とガラナの絵、黄色い350ml缶。,350ml缶。炭酸飲料。無果汁。ガラナエキス。,ガラナの風味。酸味は控えめで、甘さが強めです。,https://www.cheerio.co.jp/lineup/guaranasoda/,https://www.amazon.co.jp/dp/B098WWG1QQ,https://item.rakuten.co.jp/drink-market/b30-113/,,https://store.shopping.yahoo.co.jp/liquor-boss1/1404.html,1
kobe-las-lemonlime-350,神戸居留地 LASレモンライム 350ml,柑橘・炭酸,/drinks/kobe-las-lemonlime-350.webp,緑の缶を、お昼のテーブルの端に一本。,緑地にLEMON & LIMEとロサンゼルスの文字の缶。,350ml缶。炭酸飲料。果汁は入っていない。,酸味も甘さもしっかりのレモンライム。後味は軽めです。,https://www.tominaga.co.jp/products/detail.php?id=701,https://www.amazon.co.jp/dp/B004PDP742,https://item.rakuten.co.jp/soukaidrink/4936790450151/,,https://store.shopping.yahoo.co.jp/soukaidrink/4936790450151.html,1
kobe-shikuwasa-soda-185,神戸居留地 厳選素材 シークヮーサーソーダ 185ml,柑橘・炭酸,/drinks/kobe-shikuwasa-soda-185.webp,小さい緑の缶を、食後の手の届くところに。,シークヮーサーの実の絵の、緑の缶。,185ml缶。炭酸飲料。シークヮーサー果汁とはちみつ。,柑橘の酸味が先に来て、はちみつの甘さがあとに残ります。,https://www.tominaga.co.jp/products/detail.php?id=1112,,https://item.rakuten.co.jp/soukaidrink/4936790528362/,,https://store.shopping.yahoo.co.jp/soukaidrink/596336.html,1
kobe-lemonade-soda-185,神戸居留地 厳選素材 レモネードソーダ 185ml,柑橘・炭酸,/drinks/kobe-lemonade-soda-185.webp,黄色い缶は、甘いソーダの隣ではなくレモンの席に。,輪切りのレモンの絵の、淡い黄色の缶。,185ml缶。炭酸飲料。レモン果汁とはちみつ。,はちみつの甘さと、レモンのさわやかさ。,https://www.tominaga.co.jp/products/detail.php?id=2791,https://www.amazon.co.jp/dp/B0CD1KPKB7,https://item.rakuten.co.jp/soukaidrink/596344/,,https://store.shopping.yahoo.co.jp/soukai/4936790538088.html,1
dydo-miu-lemon-orange-550,ミウ レモン＆オレンジ 550ml,柑橘・炭酸,/drinks/dydo-miu-lemon-orange-550.webp,透明なボトルを、午後の机の端に。,レモンとオレンジのラベル、透明なペットボトル。,550mlペット。レモンとオレンジの果汁が入ったフレーバーウォーター。,柑橘が香って、甘さは控えめ。ほんのり塩味があります。,https://www.dydo.co.jp/products/detail/1219/,https://www.amazon.co.jp/dp/B0BSN4PFFP,https://item.rakuten.co.jp/aburajin/dydo-miu-peach500s/,,https://store.shopping.yahoo.co.jp/misono-support/b70-238.html,1
aoren-apple-shower-250,JAアオレン アップルシャワー 250ml,柑橘・炭酸,/drinks/aoren-apple-shower-250.webp,赤い缶を、りんごが好きな人の前に。,APPLE SHOWERの文字の、赤と白の缶。,250ml缶。炭酸飲料。青森県産りんご果汁25%。,あっさりした炭酸のあとに、りんごの甘酸っぱさが残ります。,https://www.aoren.or.jp/products/p025.html,https://www.amazon.co.jp/dp/B00856JN90,https://item.rakuten.co.jp/ja-aoren/963482/,,https://store.shopping.yahoo.co.jp/jaaoren/49120101.html,1
dydo-waka-yuzuremon-500,和果ごこち ゆずれもん 500ml,柑橘・炭酸,/drinks/dydo-waka-yuzuremon-500.webp,淡い黄色のボトルを、食卓の柑橘の並びに。,ゆずの絵の、淡い黄色のペットボトル。,500mlペット。ゆずとレモンの果汁飲料。炭酸ではない。,ゆずが香って、レモンの酸味が続きます。甘さもあります。,https://www.dydo.co.jp/products/detail/1135/,https://www.amazon.co.jp/dp/B07PLC85D6,https://item.rakuten.co.jp/j-n-g/f-dydo-waka-yuzu/,,https://www.tanomail.com/product/9628346/,1
kobe-cider-250,神戸居留地 サイダー 250ml,柑橘・炭酸,/drinks/kobe-cider-250.webp,青い水玉の缶を、食事の横に。,白地に青い水玉とCIDERの文字の缶。,250ml缶。サイダー。ビタミンC入り。,甘みのある透明なサイダー。炭酸はしっかりめです。,https://www.tominaga.co.jp/products/detail.php?id=695,https://www.amazon.co.jp/dp/B005MVQPQA,https://item.rakuten.co.jp/drink-market/b136-68/,,https://store.shopping.yahoo.co.jp/soukai/596338.html,1
kobe-tansan-lemon-500,神戸居留地 天然水でつくった炭酸水レモン 500ml,柑橘・炭酸,/drinks/kobe-tansan-lemon-500.webp,無色の炭酸を、甘い缶の外側に。,黄色いレモンのラベル、透明なペットボトル。,500mlペット。天然水の炭酸水。レモンフレーバー。,ほぼ無糖。レモンが香って、後味は軽め。,https://www.tominaga.co.jp/products/detail.php?id=685,https://www.amazon.co.jp/dp/B0D4YCGY1R,https://item.rakuten.co.jp/drink-market/b136-107-2/,,https://store.shopping.yahoo.co.jp/nozomi-market/b136-107.html,1
aoren-shun-ringo-195,JAアオレン 旬の林檎 密閉搾り 195g,果汁・ネクター,/drinks/aoren-shun-ringo-195.webp,白い缶を、食後にひとり一本。,白地に赤いりんごと「旬の林檎」の文字の缶。,195g缶。りんごのストレート果汁。王林とふじ。,王林とふじのストレート果汁。甘さと酸味の両方を楽しめます。,https://www.aoren.or.jp/products/p001.html,https://www.amazon.co.jp/dp/B006QITKCY,https://item.rakuten.co.jp/quickfactory/r000019/,,https://store.shopping.yahoo.co.jp/jaaoren/40320102.html,1
aoren-kibou-280,JAアオレン 希望の雫 280ml,果汁・ネクター,/drinks/aoren-kibou-280.webp,小さなボトルを、朝のテーブルに一本。,希望の雫のラベルの透明なボトル。,280ml。品種をブレンドした密閉搾りのストレートりんごジュース。,甘すぎないりんごで、酸味が残ります。,https://www.aoren.or.jp/products/p008.html,https://www.amazon.co.jp/dp/B082WYL787,https://item.rakuten.co.jp/ja-aoren/10000161/,,https://store.shopping.yahoo.co.jp/softdrink/4908209400309.html,1
aoren-momo100-195,JAアオレン 青森の桃100 195g,果汁・ネクター,/drinks/aoren-momo100-195.webp,黒い缶は、白いりんごの缶と並べずに桃の席に。,黒地に桃の絵と果汁100%の文字の缶。,195g缶。青森県産の桃の果汁100%。,桃が香って、甘さはまろやか。酸味は弱めです。,https://www.aoren.or.jp/products/p026.html,https://www.amazon.co.jp/dp/B099RSQ14V,https://item.rakuten.co.jp/ja-aoren/1129311/,,https://store.shopping.yahoo.co.jp/jaaoren/43320101.html,1
nagano-tomato-190,ナガノトマト 信州のトマトジュース 食塩無添加 190g,果汁・ネクター,/drinks/nagano-tomato-190.webp,赤い缶を、朝のお皿の横に。,白と赤にトマトの絵、食塩無添加の文字の缶。,190g缶。ストレート。長野のトマト「愛果」を100%。,さらっとした口当たりに、トマトの甘さと香り。塩は入っていません。,https://www.naganotomato.jp/products/003706.html,https://www.amazon.co.jp/dp/B07TS6FXH4,https://item.rakuten.co.jp/sanchoku-shop/746/,,,1
glico-apple-270,グリコ 赤りんご青りんご100% 270ml,果汁・ネクター,/drinks/glico-apple-270.webp,紙パックを、冷蔵庫から出してすぐテーブルへ。,りんごが2つ描かれた、赤と黒の紙パック。,270ml紙パック。果汁100%の濃縮還元。要冷蔵。,赤いりんごの甘さと青いりんごの酸味。コクがあります。,https://www.glico.com/jp/product/drink/100fruitjuice/44853/,,https://item.rakuten.co.jp/kenkouya-webshop/030072p12/,,https://store.shopping.yahoo.co.jp/churros1988/030072p12.html,1
glico-orange-mikan-270,グリコ スイートオレンジ＆温州みかん100% 270ml,果汁・ネクター,/drinks/glico-orange-mikan-270.webp,オレンジの紙パックを、午後の甘いものの隣に。,黒地に完熟オレンジの絵の紙パック。,270ml紙パック。果汁100%。要冷蔵。,完熟オレンジの甘さに、ほんのり温州みかんの香り。,https://www.glico.com/jp/product/drink/100fruitjuice/44849/,,https://item.rakuten.co.jp/kenkouya-webshop/030091p12/,,https://store.shopping.yahoo.co.jp/churros1988/030091p12.html,1
kobe-orange100-185,神戸居留地 オレンジ100% 185g,果汁・ネクター,/drinks/kobe-orange100-185.webp,オレンジの缶を、ひとりの前に。,白地にオレンジと100% Orange Juiceの文字の缶。,185g缶。オレンジの濃縮還元果汁100%。,オレンジの甘酸っぱさ。後味は果汁そのものです。,https://www.tominaga.co.jp/products/detail.php?id=739,,https://item.rakuten.co.jp/drink-market/b136-34/,,https://www.askul.co.jp/p/RR02112/,1
meg-nokyo-vf-200,農協 野菜Days 野菜＆フルーツ100% 200ml,果汁・ネクター,/drinks/meg-nokyo-vf-200.webp,緑の紙パックを、食事の野菜の並びに。,野菜と果物の絵の緑の紙パック。,200ml紙パック。野菜36品目と果実3品目。野菜汁・果汁100%。,野菜の味が先に来て、果物で飲みやすく仕上げてあります。甘さは控えめ。,https://www.meg-snow.com/products/detail.php?p=nokyo_bf200,https://www.amazon.co.jp/dp/B09WDCK54Y,https://item.rakuten.co.jp/drink-market/b199-10-2-t/,,https://store.shopping.yahoo.co.jp/soukaidrink/530553.html,1
dydo-houji-410,ダイドー ほうじ茶 410ml,茶・ハーブ,/drinks/dydo-houji-410.webp,茶色いボトルを、甘い飲みものの外側に。,ほうじ茶のラベルの透明なペットボトル。,410mlペット。国産緑茶。無糖。ホットにも冷たいままでも。,香ばしいほうじ茶で、甘さはありません。,https://www.dydo.co.jp/products/detail/1251/,https://www.amazon.co.jp/dp/B0HM425TX9,https://item.rakuten.co.jp/nozomi-market/b70-396/,,https://store.shopping.yahoo.co.jp/nozomi-market/b70-396.html,1
dydo-sanpin-480,ダイドー さんぴん茶 480g,茶・ハーブ,/drinks/dydo-sanpin-480.webp,黄色い缶は、緑茶とは別の列に。,さんぴん茶の文字と沖縄限定の表記、黄色い缶。,480g缶。さんぴん茶。無糖。,ジャスミンが香って、渋みは弱め。甘さはありません。,https://www.dydo.co.jp/products/detail/1120/,,,,,0
dydo-cafelab-lemontea-280,ダイドーカフェラボ レモンティー 280ml,茶・ハーブ,/drinks/dydo-cafelab-lemontea-280.webp,黄色いボトルを、紅茶の席に一本。,レモンの葉の絵の黄色いペットボトル。,280mlペット。紅茶のレモンティー。ホットにも冷たいままでも。,茶葉の香りにレモン。甘さは紅茶の側にあります。,https://www.dydo.co.jp/products/detail/1246/,,,,,0
kobe-chabo-oolong-185,神戸茶房 烏龍茶 185g,茶・ハーブ,/drinks/kobe-chabo-oolong-185.webp,金色の缶は、コーヒーの缶とまぜずに。,烏龍茶の文字の、金と白の缶。,185g缶。烏龍茶。無糖。,烏龍茶の香りで、甘さはなく後味は軽め。,https://www.tominaga.co.jp/products/detail.php?id=781,https://www.amazon.co.jp/dp/B00ZTMOD20,https://item.rakuten.co.jp/soukaidrink/596354/,,https://store.shopping.yahoo.co.jp/soukai/596354.html,1
kobe-chabo-jasmine-500,神戸茶房 ジャスミン茶 500ml,茶・ハーブ,/drinks/kobe-chabo-jasmine-500.webp,紫のボトルを、午後の机に。,紫のラベルのペットボトル。,500mlペット。ジャスミン茶。無糖。,ジャスミンが香って、お茶は軽め。甘さはありません。,https://www.tominaga.co.jp/products/detail.php?id=769,https://www.amazon.co.jp/dp/B072VGJFCG,https://item.rakuten.co.jp/soukaidrink/4936790521110/,,https://store.shopping.yahoo.co.jp/soukaidrink/4936790521110.html,1
kobe-goma-mugicha-500,神戸居留地 かろやか胡麻麦茶 500ml,茶・ハーブ,/drinks/kobe-goma-mugicha-500.webp,麦茶を、食事の横の無糖の席に。,麦と胡麻のラベルの透明なペットボトル。,500mlペット。大麦と胡麻。無糖に近い。,香ばしい麦茶に、ほんのり胡麻の風味。,https://www.tominaga.co.jp/products/detail.php?id=1077,,https://item.rakuten.co.jp/soukaidrink/4936790531157/,https://shopping.tominaga.co.jp/products/1011159x24,,1
ahmad-earlgrey-500,アーマッドティー デカフェアールグレイティー 500ml,茶・ハーブ,/drinks/ahmad-earlgrey-500.webp,緑のボトルを、午後の机に一本。,ビッグベンの絵とデカフェの文字、緑のペットボトル。,500mlペット。アールグレイ。無糖。カフェインはごく少ない。,ベルガモットの柑橘の香りで、甘さはありません。,https://www.tominaga.co.jp/products/detail.php?id=1150,,https://item.rakuten.co.jp/drink-market/b136-164/,,,1
ahmad-peach-500,アーマッドティー デカフェピーチ＆パッションフルーツティー 500ml,茶・ハーブ,/drinks/ahmad-peach-500.webp,オレンジ色のボトルを、フルーツティーとして。,桃の写真とデカフェの文字、オレンジのペットボトル。,500mlペット。ピーチとパッションフルーツの紅茶。無糖。,桃が先に香って、紅茶はそのあと。甘さは控えめです。,https://www.tominaga.co.jp/products/detail.php?id=1282,,https://item.rakuten.co.jp/drink-market/b136-166/,,https://store.shopping.yahoo.co.jp/tabemon-dikara/2651.html,1
aoren-shine-280,JAアオレン 青森のシャインマスカット 280ml,ぶどう・ベリー,/drinks/aoren-shine-280.webp,緑のボトルを、ぶどうの席に一本。,マスカットの絵の透明なボトル。,280ml。青森県産シャインマスカットを使った清涼飲料。果汁100%ではない。,マスカットの香りと甘さ。酸味は穏やかです。,https://www.aoren.or.jp/products/p033.html,https://www.amazon.co.jp/dp/B0G4ZYTS51,https://item.rakuten.co.jp/ja-aoren/4908209405205/,,https://store.shopping.yahoo.co.jp/misonoya/b230-25.html,1
kobe-grape100-185,神戸居留地 グレープ100% 185g,ぶどう・ベリー,/drinks/kobe-grape100-185.webp,紫の缶は、テーブルの真ん中ではなくひとりの前に。,ぶどうの絵と100% Grape Juiceの文字、紫の缶。,185g缶。ぶどうの濃縮還元果汁100%。,ぶどうの甘さが先に来て、皮の香りがほんのり残ります。,https://www.tominaga.co.jp/products/detail.php?id=731,https://www.amazon.co.jp/dp/B00ZTMIIBW,https://item.rakuten.co.jp/misonoya/b136-40/,,https://www.askul.co.jp/p/RR02114/,1
kobe-grape-bitan-185,神戸居留地 ぶどうと微炭酸100% 185ml,ぶどう・ベリー,/drinks/kobe-grape-bitan-185.webp,緑の缶は、炭酸の強いソーダとは分けて。,ぶどうの絵と微炭酸の文字、緑の缶。,185ml缶。ぶどう果汁100%の微炭酸。,果物の甘さが先に来て、炭酸は弱めです。,https://www.tominaga.co.jp/products/detail.php?id=663,https://www.amazon.co.jp/dp/B08LNMMWRL,https://item.rakuten.co.jp/tabemon-dikara/3275/,,https://store.shopping.yahoo.co.jp/kilat/s05103.html,1
dydo-purushu-grape-280,ぷるっシュ!! ゼリー×スパークリング グレープ 280g,ぶどう・ベリー,/drinks/dydo-purushu-grape-280.webp,紫の缶を、甘い炭酸の列の端に。,ゼリーと炭酸の絵の、紫の缶。,280g缶。ぶどうのゼリー入りスパークリング。,はじける炭酸のあとに、ぶどうの甘さとゼリーのつぶが残ります。,https://www.dydo.co.jp/products/detail/1127/,https://www.amazon.co.jp/dp/B0842WJ36Q,https://item.rakuten.co.jp/aburajin/dd-purusshu-grape280/,,,1
ohayo-blueberry-180,オハヨー ぜいたく果実 ブルーベリーのむヨーグルト 180g,ぶどう・ベリー,/drinks/ohayo-blueberry-180.webp,青いカップを、冷たいまま手元に。,ブルーベリーの絵の青いカップ。,180g。のむヨーグルト。要冷蔵。,ブルーベリーの酸味と、ヨーグルトの穏やかな甘さ。,https://www.ohayo-milk.co.jp/drink/10040.html,https://www.amazon.co.jp/dp/B0HJZB3BM8,https://item.rakuten.co.jp/ju-suya/2002068-1/,,https://store.shopping.yahoo.co.jp/heartful8/11-007.html,1
ohayo-strawberry-180,オハヨー ぜいたく果実 いちごのむヨーグルト 180g,ぶどう・ベリー,/drinks/ohayo-strawberry-180.webp,赤いカップは、青いカップの向かいを避けて。,いちごの絵の赤いカップ。,180g。のむヨーグルト。要冷蔵。,いちごの甘さが先に来て、ヨーグルトの酸味はそのあと。,https://www.ohayo-milk.co.jp/drink/10030.html,,https://item.rakuten.co.jp/ju-suya/2002067/,,,1
luna-lassi-muscat-230,日本ルナ とろけるラッシー マスカット 230g,ぶどう・ベリー,/drinks/luna-lassi-muscat-230.webp,緑のカップを、冷たい乳飲料の席に。,マスカットの絵の緑のカップ。,230g。乳酸菌飲料。マスカット・オブ・アレキサンドリア果汁17%。要冷蔵。,とろっとした甘さで、マスカットが先に香ります。,https://www.nipponluna.co.jp/products/torokeru/muscat.html,https://www.amazon.co.jp/dp/B0FXM28L42,https://item.rakuten.co.jp/macaron-store/k-ks-243/,,https://store.shopping.yahoo.co.jp/smilespoon/7078328.html,1
luna-blueberry-drink-230,日本ルナ ビフィズス菌 のむヨーグルト ブルーベリー風味 230g,ぶどう・ベリー,/drinks/luna-blueberry-drink-230.webp,紫のカップを、午後の乳飲料として。,ブルーベリー風味の紫のカップ。,230g。のむヨーグルト。鉄と食物繊維。要冷蔵。,さっぱりしたブルーベリー味で、酸味は強くありません。,https://www.nipponluna.co.jp/products/drink_yogurt/nomu_blueberry.html,https://www.amazon.co.jp/dp/B0CYH9BNLR,https://item.rakuten.co.jp/izmic-ec/669590-06/,,https://www.askul.co.jp/p/RX01203/,1
kodama-ramune-200,コダマ印ラムネ 200ml,クラフト・瓶もの,/drinks/kodama-ramune-200.webp,ビー玉の瓶を、ひとりの前に。注がずにそのままどうぞ。,青いキャップにビー玉入りの、透明なガラス瓶。,200ml瓶。ラムネ。,すっきりした甘さで、後味は軽め。まず炭酸がはじけます。,https://www.kodamainryo.jp/pages/catalog,https://www.amazon.co.jp/dp/B00919ZSVW,https://item.rakuten.co.jp/buriruby/mnh2qxwwkv73jtroezijuzigdu/,,https://store.shopping.yahoo.co.jp/pure1-shop/20251019084009-00296.html,1
kodama-ginger-250,コダマジンジャーエール 250ml,クラフト・瓶もの,/drinks/kodama-ginger-250.webp,琥珀色の瓶を、甘いサイダーの外側に。,緑のラベルにGinger Aleの文字、ガラス瓶。,250ml瓶。ジンジャーエール。,しょうがが先に香る、甘みのある炭酸。,https://www.kodamainryo.jp/pages/catalog,https://www.amazon.co.jp/dp/B0058QL8N4,https://item.rakuten.co.jp/fordear-nizimusubi/b0058ql8n4/,,,1
kodama-tonic-250,コダマトニックウォーター 250ml,クラフト・瓶もの,/drinks/kodama-tonic-250.webp,無色の瓶は、甘い瓶とまぜずに。,金のラベルにTonic Waterの文字、ガラス瓶。,250ml瓶。トニックウォーター。,ほろ苦さと柑橘の香り。甘さは控えめです。,https://www.kodamainryo.jp/pages/catalog,,https://item.rakuten.co.jp/up-liquor/0030-0040/,,,1
kimura-tokaido-340,木村飲料 東海道サイダー 340ml,クラフト・瓶もの,/drinks/kimura-tokaido-340.webp,浮世絵の瓶を、テーブルの映える位置に一本。,波の浮世絵ラベルの透明なガラス瓶。,340ml瓶。サイダー。ラベルは東海道の浮世絵で、箱の中では絵が分かれる。,甘みのあるサイダー。瓶のまま炭酸を楽しめます。,https://www.kimura-drink.net/products/cider/tokaido_cider/,https://www.amazon.co.jp/dp/B0D976CWDM,https://item.rakuten.co.jp/drink-market/b105-115/,,https://store.shopping.yahoo.co.jp/misonoya/b105-115.html,1
kimura-shizuoka-cha-cola-240,木村飲料 しずおか茶コーラ 240ml,クラフト・瓶もの,/drinks/kimura-shizuoka-cha-cola-240.webp,お茶色の瓶は、黒いコーラとは別の列に。,しずおか茶コーラの文字、緑がかったガラス瓶。,240ml瓶。静岡の緑茶を使ったコーラ。,コーラの甘さのあとに、緑茶の香りが残ります。色はお茶に近いです。,https://www.kimura-drink.net/products/cola/shizuoka-cha-cola/,,,https://kd5959.official.ec/items/36182563,https://www.misono-s.jp/SHOP/b105-15.html,1
kimura-fujisancho-cola-240,木村飲料 富士山頂コーラ 240ml,クラフト・瓶もの,/drinks/kimura-fujisancho-cola-240.webp,透明な瓶を、色のついたソーダのあいだに。,富士山のラベルの透明なガラス瓶。中身も透明です。,240ml瓶。富士山麓の水を使った透明なコーラ。,甘さはコーラなのに、後味は澄んでいます。色はついていません。,https://www.kimura-drink.net/products/cola/fujisancho-cola/,https://www.amazon.co.jp/dp/B00E9OEVDU,https://item.rakuten.co.jp/drink-market/b105-40/,,https://store.shopping.yahoo.co.jp/kimuradrink5959/ska483.html,1
kimura-banana-ramune-250,木村飲料 バナナラムネ 250ml,クラフト・瓶もの,/drinks/kimura-banana-ramune-250.webp,黄色いボトルを、ラムネの席に一本。,バナナの皮のようなラベルの、黄色いペットボトル。,250mlペット。バナナ風味のラムネ。,バナナの香りが広がって、炭酸が続きます。甘さもあります。,https://www.kimura-drink.net/products/ramune/banana_ramune/,https://www.amazon.co.jp/dp/B0CP6RDDNG,https://item.rakuten.co.jp/misonoya/b105-53/,,https://store.shopping.yahoo.co.jp/kimuradrink5959/bananar-6.html,1
kimura-prb-ramune-250,木村飲料 PRBラムネ 250ml,クラフト・瓶もの,/drinks/kimura-prb-ramune-250.webp,青いラムネを、ガラス瓶の列の端に。,青いラムネのラベル、透明なペットボトル。,250mlペット。定番のラムネ。,甘いラムネ。まず炭酸がはじけて、後味は軽め。,https://www.kimura-drink.net/products/ramune/prb_ramune/,https://www.amazon.co.jp/dp/B00EAF8SL4,https://item.rakuten.co.jp/vellysupply/ra306738/,,https://store.shopping.yahoo.co.jp/kimuradrink5959/ska303-30.html,1
dydo-zeppin-bitou-185,ダイドー絶品微糖 185g,缶・パーティー向き,/drinks/dydo-zeppin-bitou-185.webp,金色の缶を、人数ぶん手前に揃えて。,絶品微糖の文字の金色の缶。,185g缶。微糖のコーヒー。,苦みが先に来て、甘さは控えめ。ミルクのコクは軽めです。,https://www.dydo.co.jp/products/detail/1239/,https://www.amazon.co.jp/dp/B08JW5BLM6,https://item.rakuten.co.jp/rakuten24/4904910115778/,,,1
dydo-demitas-aroma-150,ダイドーブレンド デミタスアロマ微糖 150g,缶・パーティー向き,/drinks/dydo-demitas-aroma-150.webp,小さい金の缶を、手のひらに収まるところに。,デミタスの文字の、小さい金色の缶。,150g缶。香りの微糖コーヒー。,ひと口で香りが広がります。甘さは少なめ。,https://www.dydo.co.jp/products/detail/1229/,,,,,0
dydo-demitasti-150,ダイドー デミタスティー 150g,缶・パーティー向き,/drinks/dydo-demitasti-150.webp,紺の小さい缶は、コーヒー缶とは別の列に。,デミタスティーの文字の紺の缶。,150g缶。エスプレッソのように立てた紅茶。,紅茶の香りが濃い、小さな缶。甘さもあります。,https://www.dydo.co.jp/products/detail/1218/,,https://item.rakuten.co.jp/umaimon-oumi/66457960-30/,,https://store.shopping.yahoo.co.jp/umaimon-oumi/66457960-60.html,1
dydo-blend-original-185,ダイドー ブレンドコーヒー オリジナル 185g,缶・パーティー向き,/drinks/dydo-blend-original-185.webp,茶色い缶を、微糖の缶と向かい合わせに。,Blend Originalの文字のベージュの缶。,185g缶。加糖のブレンドコーヒー。,ミルクと砂糖の甘さが先で、コーヒーの苦みはそのあと。,https://www.dydo.co.jp/products/detail/1238/,https://www.amazon.co.jp/dp/B00BC8QZ2Q,,,https://www.tanomail.com/product/7629709/,1
kobe-black-185,神戸居留地 ブラックコーヒー 185g,缶・パーティー向き,/drinks/kobe-black-185.webp,黒い缶を、甘いミルクコーヒーの外側に。,無糖のブラックの黒い缶。,185g缶。無糖のブラックコーヒー。,苦みと香りだけで、甘さはありません。,https://www.tominaga.co.jp/products/detail.php?id=765,,https://item.rakuten.co.jp/misonoya/b136-1/,,https://www.askul.co.jp/p/P813284/,1
kobe-las-cola-350,神戸居留地 LASコーラ 350ml,缶・パーティー向き,/drinks/kobe-las-cola-350.webp,赤い缶を、人数ぶん手前に揃えて。,COLAとLASの文字の赤い缶。,350ml缶。コーラ。,甘さと炭酸が先に来て、後味にコーラの香りが残ります。,https://www.tominaga.co.jp/products/detail.php?id=705,https://www.amazon.co.jp/dp/B005MVQQ5A,https://item.rakuten.co.jp/soukaidrink/4936790450144/,,https://store.shopping.yahoo.co.jp/soukaidrink/4936790450144.html,1
kobe-gatsun-185,神戸居留地 ガツンゴールド 185ml,缶・パーティー向き,/drinks/kobe-gatsun-185.webp,赤と金の缶を、コーヒー缶の列の端に。,ガツンゴールドの文字の、赤と金の缶。,185ml缶。炭酸のエナジードリンク。ガラナとローヤルゼリー、ビタミン。,甘さと炭酸のあとに、苦みのある後味が残ります。,https://www.tominaga.co.jp/products/detail.php?id=1145,https://www.amazon.co.jp/dp/B00IR0ISGI,https://item.rakuten.co.jp/drinkmarchais/ds0168/,,https://store.shopping.yahoo.co.jp/kilat/9c0358.html,1
meiji-coffee-200,明治COFFEE ブレンドコーヒー 200ml,缶・パーティー向き,/drinks/meiji-coffee-200.webp,茶色い紙パックは、缶の列とは別に。,BLEND COFFEEの文字の茶色の紙パック。,200ml紙パック。ブレンドコーヒー。,深みのあるコーヒーにミルクの甘さ。缶より穏やかな味です。,https://www.meiji.co.jp/products/drink/4902705103993.html,https://www.amazon.co.jp/dp/B00R11S1IY,https://item.rakuten.co.jp/minamimatumoto/m_coffee_brend_24/,,https://store.shopping.yahoo.co.jp/meijimilk/2856-000170.html,1
pokka-pokkapoka-lemon-275,ぽっかぽかレモン 275ml,柑橘・炭酸,/drinks/pokka-pokkapoka-lemon-275.webp,温かいレモンを、食後のテーブルに一本。,黄色地に橙のキャップのペットボトル。はちみつ仕立てのホットレモネードです。,275mlペット。シチリア産レモン果汁。果汁3%。,はちみつの甘さが先で、レモンの酸味は軽め。温めて飲むタイプです。,https://www.pokkasapporo-fb.jp/products/lemon/drink/WM60.html,https://www.amazon.co.jp/dp/B0FPQ4Y1H9,https://item.rakuten.co.jp/drink-market/b43-752/,,https://store.shopping.yahoo.co.jp/misono-support/b43-752.html,1
ribbon-citron-1500,Ribbon シトロン 1.5L,柑橘・炭酸,/drinks/ribbon-citron-1500.webp,透明な大きいボトルを、炭酸の席の真ん中に。,緑のラベルにCITRONの文字、北海道限定のラベル。中身は無色の炭酸です。,1.5Lペット。炭酸飲料。,甘さ控えめで、レモンがほんのり香ります。果汁は入っていません。,https://www.pokkasapporo-fb.jp/products/soda/ribbon/JG45.html,,https://item.rakuten.co.jp/oiwaiya/su-pokka-4582409185961/,,https://store.shopping.yahoo.co.jp/honpo-online/su-941512.html,1
ribbon-napolin-1500,Ribbon ナポリン 1.5L,柑橘・炭酸,/drinks/ribbon-napolin-1500.webp,オレンジ色の大きいボトルを、甘い炭酸の席に。,橙色のラベルにNAPOLINの文字、北海道限定のラベル。中身はオレンジ色です。,1.5Lペット。炭酸飲料。無果汁。,オレンジが先に香って、甘さははっきりしています。,https://www.pokkasapporo-fb.jp/products/soda/ribbon/HT09.html,https://www.amazon.co.jp/dp/B00JQV3WHW,https://item.rakuten.co.jp/oiwaiya/su-pokka-4582409185855/,,https://store.shopping.yahoo.co.jp/honpo-online/su-941521.html,1
pokka-lemon-su-500,レモン果汁を発酵させて作ったレモンの酢 500ml,柑橘・炭酸,/drinks/pokka-lemon-su-500.webp,黄色い紙パックを、食後のお水の隣に。,黄色地に大きなレモンとドリンクの文字、500mlの紙パック。,500ml紙パック。6倍希釈。レモン果汁入り。,発酵の酸味とレモンの酸味。そのままではなく、水で割って飲みます。,https://www.pokkasapporo-fb.jp/products/lemon/vinegar/WR06.html,https://www.amazon.co.jp/dp/B0CDBLP6DP,https://item.rakuten.co.jp/pokkasapporo/4902471101988/,,https://www.askul.co.jp/p/XW67500/,1
sangaria-ureshii-honey-lemon-280,うれしいはちみつレモン 280ml,柑橘・炭酸,/drinks/sangaria-ureshii-honey-lemon-280.webp,小さなボトルを、甘いレモンの席に。,レモンとはちみつのラベル、280mlのボトル。,280mlペット。レモン果汁とはちみつ。,はちみつの甘さが先に来て、あとからレモンの酸味。,https://sangaria.co.jp/products/ureshii-hachimitsu/,https://www.amazon.co.jp/dp/B0BMPWYK8X,https://item.rakuten.co.jp/misonoya/b18-174/,,https://store.shopping.yahoo.co.jp/misono-support/b18-174.html,1
nittoh-lemonade-base-490,日東紅茶 オリジナルレモネードベース 490ml,柑橘・炭酸,/drinks/nittoh-lemonade-base-490.webp,細長い紙パックを、炭酸水の隣に。,LEMONADE BASEの文字、黄色地の490mlパック。,490ml。レモン果汁とはちみつ入りのレモネードベース。,レモンの酸味が濃いベース。水や炭酸で割って飲みます。,https://www.nittoh-tea.com/products/liquid/lemonade02.html,https://www.amazon.co.jp/dp/B0BCP4XSMQ,https://item.rakuten.co.jp/drink-market/b128-154-2/,,https://store.shopping.yahoo.co.jp/soukai/649093.html,1
pural-orange-mango-500,Pural オレンジ＆マンゴーウォーター 500ml,柑橘・炭酸,/drinks/pural-orange-mango-500.webp,水色のボトルを、お水がわりに。,オレンジとマンゴーの青と黄色のラベル、薄い黄色の中身。果汁は入っていません。,500mlペット。オレンジエキスとマンゴーエキスのフレーバーウォーター。,甘さは控えめで、オレンジとマンゴーが先に香ります。,https://sangaria.co.jp/products/pural-オレンジ＆マンゴーウォーター/,,,,https://www.askul.co.jp/p/WHA5884/,1
hyosho-lemon-water-500,氷晶 レモンウォーター 500g,柑橘・炭酸,/drinks/hyosho-lemon-water-500.webp,黄色いボトルを、氷を入れたグラスの前に。,LEMON WATERの文字とレモンの絵、黄色いボトル。果汁3%です。,500gペット。レモン果汁とレモンエキス。,甘さ控えめで、レモンがほんのり香るカロリーオフ。,https://sangaria.co.jp/products/hyosho/,https://www.amazon.co.jp/dp/B01E8DJFU0,https://item.rakuten.co.jp/pocket-cvs/4902179009647-1sm/,,https://www.tanomail.com/product/9640690/,1
pom-pon-juice-800,POM ポンジュース 800ml,果汁・ネクター,/drinks/pom-pon-juice-800.webp,橙色のボトルを、朝のテーブルの端に。,赤と白のポンジュースのラベル、オレンジ色の中身。,800mlペット。うんしゅうみかんとオレンジ。,みかんの甘さが先に来て、酸味はまろやか。果汁飲料です。,https://www.ehime-inryo.co.jp/products/pom-juice/132460.html,https://www.amazon.co.jp/dp/B0CXCCL392,https://item.rakuten.co.jp/cliqleplus/eh-4908729109645/,,https://store.shopping.yahoo.co.jp/kankitsu/pom800.html,1
delmonte-tomato-muten-800,デルモンテ 食塩無添加トマトジュース 800ml,果汁・ネクター,/drinks/delmonte-tomato-muten-800.webp,赤いボトルを、食事の前の席に。,大きなトマトの絵に食塩無添加の文字、赤いボトル。,800mlペット。トマト。,塩を加えていないトマトの甘さと酸味。濃いめです。,https://www.kikkoman.co.jp/products/product/K550505/index.html,,https://item.rakuten.co.jp/soukaidrink/4902204003718/,,https://store.shopping.yahoo.co.jp/best-denki/6663639014.html,1
delmonte-yasai-800,デルモンテ 野菜ジュース 800ml,果汁・ネクター,/drinks/delmonte-yasai-800.webp,緑がかったボトルを、お昼のテーブルに一本。,野菜のラベルの800mlペットボトル。,800mlペット。トマト、にんじん、セルリーほか。,トマトがベースで、青菜の香りがあとに残ります。,https://www.kikkoman.co.jp/products/product/K551010/index.html,https://www.amazon.co.jp/dp/B0CYPQJFW8,https://item.rakuten.co.jp/rakuten24/4902204003800/,,https://www.askul.co.jp/p/XX90355/,1
sangaria-mango-lassi-420,とろけるおいしさ マンゴーラッシー 420ml,果汁・ネクター,/drinks/sangaria-mango-lassi-420.webp,マンゴー色のボトルを、甘い乳飲料の席に。,マンゴーのラベル、420mlのボトル。,420mlペット。マンゴー果汁、脱脂粉乳、発酵乳。,マンゴーの甘さが先に来て、ミルクのとろみが残ります。,https://sangaria.co.jp/products/とろけるおいしさ-マンゴーラッシー/,https://www.amazon.co.jp/dp/B0GZYYQT42,https://item.rakuten.co.jp/onestep/s06700/,,https://www.askul.co.jp/p/WHA5891/,1
sangaria-iga-hakuto-600,伊賀の天然水白桃 600ml,果汁・ネクター,/drinks/sangaria-iga-hakuto-600.webp,淡い桃色のボトルは、お水の隣ではなく桃の席に。,白桃のラベル、伊賀の天然水の600mlボトル。,600mlペット。ナチュラルミネラルウォーターと白桃エキス。,桃が先に香って、甘さは控えめです。,https://sangaria.co.jp/products/igano-tennensui-hakutou/,,,,,0
sangaria-aloe-380,つぶみアロエ 380g,果汁・ネクター,/drinks/sangaria-aloe-380.webp,緑のボトル缶を、食後の手の届くところに。,緑地にアロエとつぶみの文字、ボトル缶。,380gボトル缶。アロエベラの葉肉とぶどう果汁、はっ酵乳。,アロエのつぶが先に来て、まろやかな甘さ。,https://sangaria.co.jp/products/つぶみアロエ-380gボトル缶/,https://www.amazon.co.jp/dp/B0FTKSBKW7,https://item.rakuten.co.jp/misono-support/b18-649/,,,1
sangaria-melon-milk-420,まろやかメロン＆ミルク 420ml,果汁・ネクター,/drinks/sangaria-melon-milk-420.webp,緑のボトルを、乳飲料の列に。,メロンのラベル、420mlのボトル。,420mlペット。メロン果汁と牛乳、全粉乳。,メロンが先に香って、ミルクの甘さがあとに残ります。,https://sangaria.co.jp/products/maroyaka-melon-and-milk/,,https://item.rakuten.co.jp/misonoya/b18-674/,,https://store.shopping.yahoo.co.jp/nozomi-market/b18-674.html,1
sangaria-satsumaimo-milk-420,とろけるおいしさ さつまいも＆ミルク 420ml,果汁・ネクター,/drinks/sangaria-satsumaimo-milk-420.webp,橙色のボトルを、甘い乳飲料の席に。,さつまいものラベル、420mlのボトル。,420mlペット。紅はるか芋エキスと牛乳、全粉乳。,お芋が先に香って、ミルクの甘さがまろやか。,https://sangaria.co.jp/products/torokeruoishisa-satsumaimo-and-milk/,https://www.amazon.co.jp/dp/B0HLHBX513,https://item.rakuten.co.jp/drink-market/b18-675/,,,1
pokka-mizudashi-sanpin-1000,ポッカ水出しさんぴん茶 1L,茶・ハーブ,/drinks/pokka-mizudashi-sanpin-1000.webp,緑の大きいボトルを、夕方のテーブルに。,さんぴん茶のラベル、1Lのペットボトル。,1Lペット。水出しのさんぴん茶。,ジャスミンが先に香って、渋みは強くありません。,https://www.pokkasapporo-fb.jp/products/cha/jasmin-tea/GE12.html,,,,,0
sangaria-koi-ocha-200,あなたの濃いお茶 200ml,茶・ハーブ,/drinks/sangaria-koi-ocha-200.webp,小さな緑のボトルを、ひとりぶんの席に。,緑のラベルに濃いお茶の文字、200mlのボトル。,200mlペット。緑茶。ビタミンC。,緑茶の渋みが先に来ます。甘さはありません。,https://sangaria.co.jp/products/anatano-koi-ocha/,https://www.amazon.co.jp/dp/B098WD1NXT,https://item.rakuten.co.jp/drink-market/b18-551/,,https://store.shopping.yahoo.co.jp/kilat/s06655.html,1
sangaria-maccha-iri-190,あなたの抹茶入りお茶 190g,茶・ハーブ,/drinks/sangaria-maccha-iri-190.webp,緑の細い缶を、食後の手の届くところに。,緑地に抹茶入りお茶の文字、190gの缶。,190g缶。緑茶。ビタミンC。,緑茶の渋みより先に、抹茶が香ります。甘さはありません。,https://sangaria.co.jp/products/anatano-ocha-macchairi/,https://www.amazon.co.jp/dp/B00GO1WZ98,https://item.rakuten.co.jp/onestep0104/sangaria-ocha/,,https://www.tanomail.com/product/7679346/,1
sangaria-anata-ocha-1000,あなたのお茶 1000ml,茶・ハーブ,/drinks/sangaria-anata-ocha-1000.webp,緑の大きいボトルを、お昼のテーブルの真ん中に。,緑のラベル、1000mlのペットボトル。,1000mlペット。緑茶。ビタミンC。,香ばしさが先に来て、渋みはまろやか。甘さはありません。,https://sangaria.co.jp/products/anatano-ocha/,https://www.amazon.co.jp/dp/B0D6FT23JK,https://item.rakuten.co.jp/enetroom/7340763/,,https://store.shopping.yahoo.co.jp/soukaidrink/4902179122780.html,1
sangaria-kouchahime-275,紅茶姫ロイヤルミルクティー 275g,茶・ハーブ,/drinks/sangaria-kouchahime-275.webp,紅茶の缶を、ミルクティーの席に一本。,ロイヤルミルクティーの275g缶。,275g缶。牛乳、砂糖、紅茶。,紅茶が先に香って、ミルクの甘さがあとに残ります。,https://sangaria.co.jp/products/kouchahime/,,,,https://www.askul.co.jp/p/WKA8301/,1
sangaria-hyosho-ocha-490,氷晶 お茶 490g,茶・ハーブ,/drinks/sangaria-hyosho-ocha-490.webp,緑のボトルを、氷を入れたグラスの前に。,氷晶のお茶、490gのペットボトル。,490gペット。緑茶。ビタミンC。,緑茶がほんのり香って、渋みは強くありません。甘さはありません。,https://sangaria.co.jp/products/hyosho/,,https://item.rakuten.co.jp/aburajin/sg-hs-ocha490/,,https://store.shopping.yahoo.co.jp/at-cvs/4902179024671-1sm.html,1
nittoh-chai-base-480,日東紅茶 オリジナルチャイベース 480ml,茶・ハーブ,/drinks/nittoh-chai-base-480.webp,赤い紙パックを、ミルクの隣に。,チャイベースの文字、赤地の480mlパック。,480ml。紅茶エキスパウダーのチャイベース。,スパイスと紅茶が濃いベース。ミルクで割って飲みます。,https://www.nittoh-tea.com/products/liquid/chaibase.html,,https://item.rakuten.co.jp/drink-market/b128-188/,https://www.nittoh-teamart.com/shopdetail/000000000592/,,1
sangaria-grantea-milk-190,グランティーミルクティー 190g,茶・ハーブ,/drinks/sangaria-grantea-milk-190.webp,紅茶の缶を、甘い紅茶の席に。,ミルクティーの190g缶。,190g缶。砂糖、紅茶、脱脂粉乳。,紅茶が先に香って、ミルクの甘さが広がります。,https://sangaria.co.jp/products/grantea/,https://www.amazon.co.jp/dp/B08XZV5P5S,https://item.rakuten.co.jp/easylifeshop/mu20f62b9e80/,,https://www.tanomail.com/product/9654963/,1
delmonte-cranberry-750,デルモンテ クランベリー20% 750ml,ぶどう・ベリー,/drinks/delmonte-cranberry-750.webp,赤い瓶を、食後のグラスの前に。,クランベリーの絵のガラス瓶、750ml。,750mlびん。クランベリーと果糖ぶどう糖液糖。果汁20%。,酸味が先に来て、ベリーの甘さがあとに残ります。,https://www.kikkoman.co.jp/products/product/K554045/index.html,https://www.amazon.co.jp/dp/B00186BVAI,https://item.rakuten.co.jp/felicity-wine/kik0087/,,,1
delmonte-grape-jelly-160,デルモンテ 鉄分リッチ 芳醇グレープミックスゼリー 160g,ぶどう・ベリー,/drinks/delmonte-grape-jelly-160.webp,紫のパウチを、食後の手の届くところに。,ぶどうの絵のパウチ。,160gパウチ。ぶどう果汁とりんご果汁。果汁50%。,ぶどうの甘さが先に来て、とろみが残ります。,https://www.kikkoman.co.jp/products/product/K554103/index.html,https://www.amazon.co.jp/dp/B0DB4QK894,https://item.rakuten.co.jp/felicity-d/kik0121/,,https://www.askul.co.jp/p/RH38197/,1
yotsuba-berry-yogurt-250,よつ葉 北海道のむヨーグルト ベリーミックス 250g,ぶどう・ベリー,/drinks/yotsuba-berry-yogurt-250.webp,白い小瓶を、甘い乳飲料の席に。,白地にベリーミックスの文字、緑のキャップ。公式写真では本物のベリーが周りに置かれていますが、中身は一本です。,250g。いちご、ラズベリー、ブルーベリーのソース入りのむヨーグルト。,ヨーグルトの酸味が先で、3種類のベリーの甘さがあとから来ます。香料は使っていません。,https://www.yotsuba-shop.com/Form/Product/ProductDetail.aspx?pid=13728&shop=0,https://www.amazon.co.jp/dp/B0BQW4RR5Q,https://item.rakuten.co.jp/hokkaido-okada/yotuba-yoguruto-berry-6set/,,https://store.shopping.yahoo.co.jp/hokkaido-okada/yotuba-yoguruto-berry-1.html,1
pokka-grape-jelly-295,Ribbon ふってふってゼリーグレープ 295g,ぶどう・ベリー,/drinks/pokka-grape-jelly-295.webp,ぶどう色の容器を、食後に振って楽しむ人の席に。,ぶどうの絵とふってふってゼリーの文字、ピンクのペットボトル。,295gペット。ぶどうのゼリー飲料。果汁10%未満。,ぶどうの甘さ。冷やして振ると、つぶつぶの食感が楽しめます。,https://www.pokkasapporo-fb.jp/products/otherdrink/other/JF06.html,https://www.amazon.co.jp/dp/B07P84T8QB,https://item.rakuten.co.jp/pokkasapporo/4589850821882/,,https://store.shopping.yahoo.co.jp/aburajinshop/psp-ribbon-huttegrape295s.html,1
sangaria-ichigo-milk-275,まろやかいちご＆ミルク 275g,ぶどう・ベリー,/drinks/sangaria-ichigo-milk-275.webp,ピンクの缶を、甘い乳飲料の席に。,いちごとミルクの275g缶。,275g缶。いちご果汁、牛乳、全粉乳。,いちごの甘さが先に来て、ミルクがあとに残ります。,https://sangaria.co.jp/products/maroyaka-ichigo-and-milk/,https://www.amazon.co.jp/dp/B07QZ54NVL,https://item.rakuten.co.jp/onestep/s06201/,,https://store.shopping.yahoo.co.jp/soukaidrink/4902179120571.html,1
sangaria-kodomo-335,こどもののみもの 335ml,クラフト・瓶もの,/drinks/sangaria-kodomo-335.webp,細い瓶を、乾杯の前に一本。,黄と赤のラベルの335mlガラス瓶。,335ml瓶。炭酸。ガラナエキスとりんごエキス。,甘さが先に来て、泡はきめ細か。子どもも大人も同じ瓶で乾杯できます。,https://sangaria.co.jp/products/kodomono-nomimono/,https://www.amazon.co.jp/dp/B0CJ4TQP4T,https://item.rakuten.co.jp/aburajin/sg-kodomo335/,,https://store.shopping.yahoo.co.jp/misono-support/b18-65.html,1
nittoh-craftcola-base-480,日東紅茶 オリジナルクラフトコーラベース 480ml,クラフト・瓶もの,/drinks/nittoh-craftcola-base-480.webp,赤い紙パックを、炭酸水の隣に。,赤地にCRAFT COLA BASEの文字、480mlのパック。,480ml。紅茶エキスパウダー入りのクラフトコーラベース。,スパイスが濃いベース。炭酸で割って飲みます。,https://www.nittoh-tea.com/products/liquid/craftcola.html,https://www.amazon.co.jp/dp/B0GMZG8NKX,https://item.rakuten.co.jp/drink-market/b128-200/,,https://www.askul.co.jp/p/WNK8405/,1
delmonte-pineapple-750,デルモンテ パイナップルジュース 750ml,クラフト・瓶もの,/drinks/delmonte-pineapple-750.webp,ガラス瓶を、食後のグラスの前に。,金のキャップに緑のラベル、PINEAPPLE 100の文字。果汁100%です。,750mlびん。パインアップル。濃縮還元。,パインの甘さが先に来て、酸味は軽め。,https://www.kikkoman.co.jp/products/product/K554025/index.html,https://www.amazon.co.jp/dp/B000UVL5YE,https://item.rakuten.co.jp/felicity-wine/kik0082/,,https://store.shopping.yahoo.co.jp/soukai/4902204415085.html,1
delmonte-mango-750,デルモンテ マンゴー20% 750ml,クラフト・瓶もの,/drinks/delmonte-mango-750.webp,マンゴー色の瓶を、甘いジュースの席に。,マンゴーのラベルの750mlガラス瓶。,750mlびん。マンゴー。果汁20%。,マンゴーが先に香って、果汁の甘さが残ります。,https://www.kikkoman.co.jp/products/product/K554010/index.html,https://www.amazon.co.jp/dp/B000UVL5Y4,https://item.rakuten.co.jp/ledled/kik0088/,,https://store.shopping.yahoo.co.jp/softdrink/4902204419922.html,1
delmonte-guava-750,デルモンテ ピンクグァバ20% 750ml,クラフト・瓶もの,/drinks/delmonte-guava-750.webp,ピンクの瓶を、トロピカルな席に。,ピンクグァバのラベルの750mlガラス瓶。,750mlびん。グァバ。果汁20%。,グァバが先に香って、甘さはまろやか。,https://www.kikkoman.co.jp/products/product/K554030/index.html,https://www.amazon.co.jp/dp/B00C3FQ63K,https://item.rakuten.co.jp/felicity-d/kik0085/,,https://store.shopping.yahoo.co.jp/softdrink/4902204435564-2c.html,1
nescafe-excella-amasa-900,ネスカフェ エクセラ ボトルコーヒー 甘さひかえめ 900ml,缶・パーティー向き,/drinks/nescafe-excella-amasa-900.webp,青いキャップの大きいボトルを、午後のテーブルの真ん中に。,青と金のラベルに、甘さひかえめ、カロリーオフの文字。中身は黒いコーヒーです。,900mlペット。ボトルコーヒー。,まず香りが来て、甘さは控えめ。氷を入れて注ぎ分けるのにちょうどいい大きさです。,https://nestle.jp/product/type/drink/bottle-coffee/012579826,,,,https://www.askul.co.jp/p/8195561/,1
nescafe-excella-muto-900,ネスカフェ エクセラ ボトルコーヒー 無糖 900ml,缶・パーティー向き,/drinks/nescafe-excella-muto-900.webp,無糖の大きいボトルを、ブラックコーヒーの席に。,青と銀のラベルに、無糖、カロリーゼロの文字。,900mlペット。ボトルコーヒー。,甘さはなく、コーヒーの苦みが先に来ます。,https://nestle.jp/product/type/drink/bottle-coffee/012583612,,https://item.rakuten.co.jp/felicity-wine/nes0002/,,,1
nescafe-excella-zero-900,ネスカフェ エクセラ ボトルコーヒー ゼロ 900ml,缶・パーティー向き,/drinks/nescafe-excella-zero-900.webp,水色の大きいボトルを、甘いコーヒーと無糖のあいだに。,水色のラベルに、ゼロ、ほのかな甘さの文字。,900mlペット。ボトルコーヒー。,ほのかな甘さで、後味は軽め。,https://nestle.jp/product/type/drink/bottle-coffee/012580284,https://www.amazon.co.jp/dp/B07PB9GKTL,https://item.rakuten.co.jp/quickfactory/r002154/,,https://store.shopping.yahoo.co.jp/quickfactory/2472.html,1
key-zeika-muto-1000,キーコーヒー まろやか仕立て 贅香 無糖 1000ml,缶・パーティー向き,/drinks/key-zeika-muto-1000.webp,赤い紙パックを、コーヒーを注ぐ席に。,黒と赤に贅香、無糖BLACKの文字。1000mlです。,1000ml。コーヒー。,甘さはなく、香りが先に来て、苦みはまろやか。,https://www.keycoffee.co.jp/products/other/detail/3,,https://item.rakuten.co.jp/choosefood/ch-food1752/,,,1
key-inoda-bito-1000,京都イノダコーヒ リキッドコーヒー 微糖 1000ml,缶・パーティー向き,/drinks/key-inoda-bito-1000.webp,黒い紙パックを、喫茶店気分の席に。,黒地に京都イノダコーヒと微糖の文字。1000mlの表記です。,1000ml。コーヒーと果糖ぶどう糖液糖。,苦みが先に来て、甘さは控えめ。コクが残ります。,https://www.keycoffee.co.jp/products/other/detail/8,https://www.amazon.co.jp/dp/B0GK59VFZ7,https://item.rakuten.co.jp/choosefood/ch-food1553/,,https://store.shopping.yahoo.co.jp/hakariurisaiyasu/ch-food1553.html,1
pokka-coffee-black-185,ポッカコーヒー ブラック 185g,缶・パーティー向き,/drinks/pokka-coffee-black-185.webp,黒い缶を、ちょっとした休憩の端に。,黒地にBLACK COFFEEと無糖の文字、185gの缶。,185g缶。ブラックコーヒー。,甘さはなく、苦みが先に来て後味は短め。,https://www.pokkasapporo-fb.jp/products/coffee/pokkacoffee/WU12.html,https://www.amazon.co.jp/dp/B0D93DZPHG,https://item.rakuten.co.jp/pokkasapporo/4589850828430/,,https://store.shopping.yahoo.co.jp/soukaidrink/4589850828430.html,1
pokka-coffee-au-lait-190,ポッカコーヒー カフェオレ 190g,缶・パーティー向き,/drinks/pokka-coffee-au-lait-190.webp,カフェオレの缶を、ミルクコーヒーの席に一本。,カフェオレの190g缶。,190g缶。カフェオレ。,ミルクの甘さが先で、コーヒーの苦みがあとに残ります。,https://www.pokkasapporo-fb.jp/products/coffee/pokkacoffee/WU13.html,https://www.amazon.co.jp/dp/B0D93F5GCS,https://item.rakuten.co.jp/pokkasapporo/4589850828454/,,https://store.shopping.yahoo.co.jp/soukaidrink/4589850828454.html,1
georgia-kaoru-black-260,ジョージア 香るブラック 260ml,缶・パーティー向き,/drinks/georgia-kaoru-black-260.webp,黒いボトル缶を、ひとりの休憩に。,黒地に香るブラック、黄色いGEORGIAの文字、0kcalの表記。,260mlボトル缶。ブラック、無糖。,まず香りが来て、甘さはなく後味は軽め。,https://www.coca-cola.com/jp/ja/brands/georgia/products,https://www.amazon.co.jp/dp/B09T31NSJG,https://item.rakuten.co.jp/sake-sugita/64710101380/,,https://www.askul.co.jp/p/AH75924/,1
georgia-kaoru-bito-260,ジョージア 香る微糖 260ml,缶・パーティー向き,/drinks/georgia-kaoru-bito-260.webp,金のボトル缶を、微糖の席に。,金地に香る微糖の文字。,260mlボトル缶。コーヒー。牛乳入り。,まず香りが来て、甘さは控えめ。ミルクは軽めです。,https://www.coca-cola.com/jp/ja/brands/georgia/products,https://www.amazon.co.jp/dp/B07MW9DBF9,https://item.rakuten.co.jp/marutokukan/10003761/,,https://www.askul.co.jp/p/AH75928/,1
